pattern,capacities,strategies,runs,misses_per_1000,misses_per_1000_min,misses_per_1000_max,reference_misses_per_1000,reference_misses_per_1000_min,reference_misses_per_1000_max,percent_of_reference,percent_of_reference_min,percent_of_reference_max
boundary_cycle,1,ARC,5,1000.0,1000.0,1000.0,1000.0,1000.0,1000.0,100.0,100.0,100.0
boundary_cycle,1,LFU,5,1000.0,1000.0,1000.0,1000.0,1000.0,1000.0,100.0,100.0,100.0
boundary_cycle,1,LRU,5,1000.0,1000.0,1000.0,1000.0,1000.0,1000.0,100.0,100.0,100.0
boundary_cycle,1024,2Q,5,16.3,16.3,16.3,14.55,14.55,14.55,112.02749140893471,112.02749140893471,112.02749140893471
boundary_cycle,1024,ARC,5,14.55,14.55,14.55,14.55,14.55,14.55,100.0,100.0,100.0
boundary_cycle,1024,LFU,5,14.55,14.55,14.55,14.55,14.55,14.55,100.0,100.0,100.0
boundary_cycle,1024,LIRS,5,14.55,14.55,14.55,14.55,14.55,14.55,100.0,100.0,100.0
boundary_cycle,1024,LRU,5,14.55,14.55,14.55,14.55,14.55,14.55,100.0,100.0,100.0
boundary_cycle,1159,2Q,5,14.65,14.65,14.65,14.55,14.55,14.55,100.6872852233677,100.6872852233677,100.6872852233677
boundary_cycle,1159,ARC,5,14.55,14.55,14.55,14.55,14.55,14.55,100.0,100.0,100.0
boundary_cycle,1159,LFU,5,14.55,14.55,14.55,14.55,14.55,14.55,100.0,100.0,100.0
boundary_cycle,1159,LIRS,5,14.55,14.55,14.55,14.55,14.55,14.55,100.0,100.0,100.0
boundary_cycle,1159,LRU,5,14.55,14.55,14.55,14.55,14.55,14.55,100.0,100.0,100.0
boundary_cycle,1160,2Q,5,14.6,14.6,14.6,14.55,14.55,14.55,100.34364261168385,100.34364261168385,100.34364261168385
boundary_cycle,1160,ARC,5,14.55,14.55,14.55,14.55,14.55,14.55,100.0,100.0,100.0
boundary_cycle,1160,LFU,5,14.55,14.55,14.55,14.55,14.55,14.55,100.0,100.0,100.0
boundary_cycle,1160,LIRS,5,14.55,14.55,14.55,14.55,14.55,14.55,100.0,100.0,100.0
boundary_cycle,1160,LRU,5,14.55,14.55,14.55,14.55,14.55,14.55,100.0,100.0,100.0
boundary_cycle,1161,2Q,5,14.6,14.6,14.6,14.55,14.55,14.55,100.34364261168385,100.34364261168385,100.34364261168385
boundary_cycle,1161,ARC,5,14.55,14.55,14.55,14.55,14.55,14.55,100.0,100.0,100.0
boundary_cycle,1161,LFU,5,14.55,14.55,14.55,14.55,14.55,14.55,100.0,100.0,100.0
boundary_cycle,1161,LIRS,5,14.55,14.55,14.55,14.55,14.55,14.55,100.0,100.0,100.0
boundary_cycle,1161,LRU,5,14.55,14.55,14.55,14.55,14.55,14.55,100.0,100.0,100.0
boundary_cycle,144,2Q,5,1000.0,1000.0,1000.0,513.8,513.8,513.8,194.62826002335538,194.62826002335538,194.62826002335538
boundary_cycle,144,ARC,5,1000.0,1000.0,1000.0,513.8,513.8,513.8,194.62826002335538,194.62826002335538,194.62826002335538
boundary_cycle,144,LFU,5,1000.0,1000.0,1000.0,513.8,513.8,513.8,194.62826002335538,194.62826002335538,194.62826002335538
boundary_cycle,144,LIRS,5,513.8,513.8,513.8,513.8,513.8,513.8,100.0,100.0,100.0
boundary_cycle,144,LRU,5,1000.0,1000.0,1000.0,513.8,513.8,513.8,194.62826002335538,194.62826002335538,194.62826002335538
boundary_cycle,145,2Q,5,1000.0,1000.0,1000.0,510.4,510.4,510.4,195.92476489028212,195.92476489028212,195.92476489028212
boundary_cycle,145,ARC,5,1000.0,1000.0,1000.0,510.4,510.4,510.4,195.92476489028212,195.92476489028212,195.92476489028212
boundary_cycle,145,LFU,5,1000.0,1000.0,1000.0,510.4,510.4,510.4,195.92476489028212,195.92476489028212,195.92476489028212
boundary_cycle,145,LIRS,5,510.4,510.4,510.4,510.4,510.4,510.4,100.0,100.0,100.0
boundary_cycle,145,LRU,5,1000.0,1000.0,1000.0,510.4,510.4,510.4,195.92476489028212,195.92476489028212,195.92476489028212
boundary_cycle,146,2Q,5,1000.0,1000.0,1000.0,507.0,507.0,507.0,197.23865877712032,197.23865877712032,197.23865877712032
boundary_cycle,146,ARC,5,1000.0,1000.0,1000.0,507.0,507.0,507.0,197.23865877712032,197.23865877712032,197.23865877712032
boundary_cycle,146,LFU,5,1000.0,1000.0,1000.0,507.0,507.0,507.0,197.23865877712032,197.23865877712032,197.23865877712032
boundary_cycle,146,LIRS,5,507.0,507.0,507.0,507.0,507.0,507.0,100.0,100.0,100.0
boundary_cycle,146,LRU,5,1000.0,1000.0,1000.0,507.0,507.0,507.0,197.23865877712032,197.23865877712032,197.23865877712032
boundary_cycle,16,2Q,5,1000.0,1000.0,1000.0,949.0,949.0,949.0,105.3740779768177,105.3740779768177,105.3740779768177
boundary_cycle,16,ARC,5,1000.0,1000.0,1000.0,949.0,949.0,949.0,105.3740779768177,105.3740779768177,105.3740779768177
boundary_cycle,16,LFU,5,1000.0,1000.0,1000.0,949.0,949.0,949.0,105.3740779768177,105.3740779768177,105.3740779768177
boundary_cycle,16,LIRS,5,949.0,949.0,949.0,949.0,949.0,949.0,100.0,100.0,100.0
boundary_cycle,16,LRU,5,1000.0,1000.0,1000.0,949.0,949.0,949.0,105.3740779768177,105.3740779768177,105.3740779768177
boundary_cycle,192,2Q,5,1000.0,1000.0,1000.0,350.6,350.6,350.6,285.2253280091272,285.2253280091272,285.2253280091272
boundary_cycle,192,ARC,5,1000.0,1000.0,1000.0,350.6,350.6,350.6,285.2253280091272,285.2253280091272,285.2253280091272
boundary_cycle,192,LFU,5,1000.0,1000.0,1000.0,350.6,350.6,350.6,285.2253280091272,285.2253280091272,285.2253280091272
boundary_cycle,192,LIRS,5,350.6,350.6,350.6,350.6,350.6,350.6,100.0,100.0,100.0
boundary_cycle,192,LRU,5,1000.0,1000.0,1000.0,350.6,350.6,350.6,285.2253280091272,285.2253280091272,285.2253280091272
boundary_cycle,2,2Q,5,1000.0,1000.0,1000.0,996.6,996.6,996.6,100.34115994380895,100.34115994380895,100.34115994380895
boundary_cycle,2,ARC,5,1000.0,1000.0,1000.0,996.6,996.6,996.6,100.34115994380895,100.34115994380895,100.34115994380895
boundary_cycle,2,LFU,5,1000.0,1000.0,1000.0,996.6,996.6,996.6,100.34115994380895,100.34115994380895,100.34115994380895
boundary_cycle,2,LIRS,5,996.6,996.6,996.6,996.6,996.6,996.6,100.0,100.0,100.0
boundary_cycle,2,LRU,5,1000.0,1000.0,1000.0,996.6,996.6,996.6,100.34115994380895,100.34115994380895,100.34115994380895
boundary_cycle,217,2Q,5,1000.0,1000.0,1000.0,265.6,265.6,265.6,376.50602409638554,376.50602409638554,376.50602409638554
boundary_cycle,217,ARC,5,1000.0,1000.0,1000.0,265.6,265.6,265.6,376.50602409638554,376.50602409638554,376.50602409638554
boundary_cycle,217,LFU,5,1000.0,1000.0,1000.0,265.6,265.6,265.6,376.50602409638554,376.50602409638554,376.50602409638554
boundary_cycle,217,LIRS,5,269.15,269.15,269.15,265.6,265.6,265.6,101.33659638554217,101.33659638554217,101.33659638554217
boundary_cycle,217,LRU,5,1000.0,1000.0,1000.0,265.6,265.6,265.6,376.50602409638554,376.50602409638554,376.50602409638554
boundary_cycle,24,2Q,5,1000.0,1000.0,1000.0,921.8,921.8,921.8,108.48340203948796,108.48340203948796,108.48340203948796
boundary_cycle,24,ARC,5,1000.0,1000.0,1000.0,921.8,921.8,921.8,108.48340203948796,108.48340203948796,108.48340203948796
boundary_cycle,24,LFU,5,1000.0,1000.0,1000.0,921.8,921.8,921.8,108.48340203948796,108.48340203948796,108.48340203948796
boundary_cycle,24,LIRS,5,921.8,921.8,921.8,921.8,921.8,921.8,100.0,100.0,100.0
boundary_cycle,24,LRU,5,1000.0,1000.0,1000.0,921.8,921.8,921.8,108.48340203948796,108.48340203948796,108.48340203948796
boundary_cycle,256,2Q,5,1000.0,1000.0,1000.0,133.0,133.0,133.0,751.8796992481203,751.8796992481203,751.8796992481203
boundary_cycle,256,ARC,5,1000.0,1000.0,1000.0,133.0,133.0,133.0,751.8796992481203,751.8796992481203,751.8796992481203
boundary_cycle,256,LFU,5,1000.0,1000.0,1000.0,133.0,133.0,133.0,751.8796992481203,751.8796992481203,751.8796992481203
boundary_cycle,256,LIRS,5,138.5,138.5,138.5,133.0,133.0,133.0,104.13533834586467,104.13533834586467,104.13533834586467
boundary_cycle,256,LRU,5,1000.0,1000.0,1000.0,133.0,133.0,133.0,751.8796992481203,751.8796992481203,751.8796992481203
boundary_cycle,289,2Q,5,1000.0,1000.0,1000.0,21.25,21.25,21.25,4705.882352941177,4705.882352941177,4705.882352941177
boundary_cycle,289,ARC,5,1000.0,1000.0,1000.0,21.25,21.25,21.25,4705.882352941177,4705.882352941177,4705.882352941177
boundary_cycle,289,LFU,5,1000.0,1000.0,1000.0,21.25,21.25,21.25,4705.882352941177,4705.882352941177,4705.882352941177
boundary_cycle,289,LIRS,5,27.95,27.95,27.95,21.25,21.25,21.25,131.52941176470588,131.52941176470588,131.52941176470588
boundary_cycle,289,LRU,5,1000.0,1000.0,1000.0,21.25,21.25,21.25,4705.882352941177,4705.882352941177,4705.882352941177
boundary_cycle,290,2Q,5,1000.0,1000.0,1000.0,17.9,17.9,17.9,5586.592178770949,5586.592178770949,5586.592178770949
boundary_cycle,290,ARC,5,1000.0,1000.0,1000.0,17.9,17.9,17.9,5586.592178770949,5586.592178770949,5586.592178770949
boundary_cycle,290,LFU,5,1000.0,1000.0,1000.0,17.9,17.9,17.9,5586.592178770949,5586.592178770949,5586.592178770949
boundary_cycle,290,LIRS,5,24.6,24.6,24.6,17.9,17.9,17.9,137.43016759776538,137.43016759776538,137.43016759776538
boundary_cycle,290,LRU,5,1000.0,1000.0,1000.0,17.9,17.9,17.9,5586.592178770949,5586.592178770949,5586.592178770949
boundary_cycle,291,2Q,5,1000.0,1000.0,1000.0,14.55,14.55,14.55,6872.852233676976,6872.852233676976,6872.852233676976
boundary_cycle,291,ARC,5,14.55,14.55,14.55,14.55,14.55,14.55,100.0,100.0,100.0
boundary_cycle,291,LFU,5,14.55,14.55,14.55,14.55,14.55,14.55,100.0,100.0,100.0
boundary_cycle,291,LIRS,5,14.55,14.55,14.55,14.55,14.55,14.55,100.0,100.0,100.0
boundary_cycle,291,LRU,5,14.55,14.55,14.55,14.55,14.55,14.55,100.0,100.0,100.0
boundary_cycle,32,2Q,5,1000.0,1000.0,1000.0,894.6,894.6,894.6,111.78180192264699,111.78180192264699,111.78180192264699
boundary_cycle,32,ARC,5,1000.0,1000.0,1000.0,894.6,894.6,894.6,111.78180192264699,111.78180192264699,111.78180192264699
boundary_cycle,32,LFU,5,1000.0,1000.0,1000.0,894.6,894.6,894.6,111.78180192264699,111.78180192264699,111.78180192264699
boundary_cycle,32,LIRS,5,894.6,894.6,894.6,894.6,894.6,894.6,100.0,100.0,100.0
boundary_cycle,32,LRU,5,1000.0,1000.0,1000.0,894.6,894.6,894.6,111.78180192264699,111.78180192264699,111.78180192264699
boundary_cycle,35,2Q,5,1000.0,1000.0,1000.0,884.4,884.4,884.4,113.07100859339666,113.07100859339666,113.07100859339666
boundary_cycle,35,ARC,5,1000.0,1000.0,1000.0,884.4,884.4,884.4,113.07100859339666,113.07100859339666,113.07100859339666
boundary_cycle,35,LFU,5,1000.0,1000.0,1000.0,884.4,884.4,884.4,113.07100859339666,113.07100859339666,113.07100859339666
boundary_cycle,35,LIRS,5,884.4,884.4,884.4,884.4,884.4,884.4,100.0,100.0,100.0
boundary_cycle,35,LRU,5,1000.0,1000.0,1000.0,884.4,884.4,884.4,113.07100859339666,113.07100859339666,113.07100859339666
boundary_cycle,36,2Q,5,1000.0,1000.0,1000.0,881.0,881.0,881.0,113.50737797956867,113.50737797956867,113.50737797956867
boundary_cycle,36,ARC,5,1000.0,1000.0,1000.0,881.0,881.0,881.0,113.50737797956867,113.50737797956867,113.50737797956867
boundary_cycle,36,LFU,5,1000.0,1000.0,1000.0,881.0,881.0,881.0,113.50737797956867,113.50737797956867,113.50737797956867
boundary_cycle,36,LIRS,5,881.0,881.0,881.0,881.0,881.0,881.0,100.0,100.0,100.0
boundary_cycle,36,LRU,5,1000.0,1000.0,1000.0,881.0,881.0,881.0,113.50737797956867,113.50737797956867,113.50737797956867
boundary_cycle,37,2Q,5,1000.0,1000.0,1000.0,877.6,877.6,877.6,113.94712853236098,113.94712853236098,113.94712853236098
boundary_cycle,37,ARC,5,1000.0,1000.0,1000.0,877.6,877.6,877.6,113.94712853236098,113.94712853236098,113.94712853236098
boundary_cycle,37,LFU,5,1000.0,1000.0,1000.0,877.6,877.6,877.6,113.94712853236098,113.94712853236098,113.94712853236098
boundary_cycle,37,LIRS,5,877.6,877.6,877.6,877.6,877.6,877.6,100.0,100.0,100.0
boundary_cycle,37,LRU,5,1000.0,1000.0,1000.0,877.6,877.6,877.6,113.94712853236098,113.94712853236098,113.94712853236098
boundary_cycle,384,2Q,5,1000.0,1000.0,1000.0,14.55,14.55,14.55,6872.852233676976,6872.852233676976,6872.852233676976
boundary_cycle,384,ARC,5,14.55,14.55,14.55,14.55,14.55,14.55,100.0,100.0,100.0
boundary_cycle,384,LFU,5,14.55,14.55,14.55,14.55,14.55,14.55,100.0,100.0,100.0
boundary_cycle,384,LIRS,5,14.55,14.55,14.55,14.55,14.55,14.55,100.0,100.0,100.0
boundary_cycle,384,LRU,5,14.55,14.55,14.55,14.55,14.55,14.55,100.0,100.0,100.0
boundary_cycle,4,2Q,5,1000.0,1000.0,1000.0,989.8,989.8,989.8,101.03051121438675,101.03051121438675,101.03051121438675
boundary_cycle,4,ARC,5,1000.0,1000.0,1000.0,989.8,989.8,989.8,101.03051121438675,101.03051121438675,101.03051121438675
boundary_cycle,4,LFU,5,1000.0,1000.0,1000.0,989.8,989.8,989.8,101.03051121438675,101.03051121438675,101.03051121438675
boundary_cycle,4,LIRS,5,989.8,989.8,989.8,989.8,989.8,989.8,100.0,100.0,100.0
boundary_cycle,4,LRU,5,1000.0,1000.0,1000.0,989.8,989.8,989.8,101.03051121438675,101.03051121438675,101.03051121438675
boundary_cycle,48,2Q,5,1000.0,1000.0,1000.0,840.2,840.2,840.2,119.01928112354202,119.01928112354202,119.01928112354202
boundary_cycle,48,ARC,5,1000.0,1000.0,1000.0,840.2,840.2,840.2,119.01928112354202,119.01928112354202,119.01928112354202
boundary_cycle,48,LFU,5,1000.0,1000.0,1000.0,840.2,840.2,840.2,119.01928112354202,119.01928112354202,119.01928112354202
boundary_cycle,48,LIRS,5,840.2,840.2,840.2,840.2,840.2,840.2,100.0,100.0,100.0
boundary_cycle,48,LRU,5,1000.0,1000.0,1000.0,840.2,840.2,840.2,119.01928112354202,119.01928112354202,119.01928112354202
boundary_cycle,512,2Q,5,22.7,22.7,22.7,14.55,14.55,14.55,156.01374570446737,156.01374570446737,156.01374570446737
boundary_cycle,512,ARC,5,14.55,14.55,14.55,14.55,14.55,14.55,100.0,100.0,100.0
boundary_cycle,512,LFU,5,14.55,14.55,14.55,14.55,14.55,14.55,100.0,100.0,100.0
boundary_cycle,512,LIRS,5,14.55,14.55,14.55,14.55,14.55,14.55,100.0,100.0,100.0
boundary_cycle,512,LRU,5,14.55,14.55,14.55,14.55,14.55,14.55,100.0,100.0,100.0
boundary_cycle,64,2Q,5,1000.0,1000.0,1000.0,785.8,785.8,785.8,127.25884448969204,127.25884448969204,127.25884448969204
boundary_cycle,64,ARC,5,1000.0,1000.0,1000.0,785.8,785.8,785.8,127.25884448969204,127.25884448969204,127.25884448969204
boundary_cycle,64,LFU,5,1000.0,1000.0,1000.0,785.8,785.8,785.8,127.25884448969204,127.25884448969204,127.25884448969204
boundary_cycle,64,LIRS,5,785.8,785.8,785.8,785.8,785.8,785.8,100.0,100.0,100.0
boundary_cycle,64,LRU,5,1000.0,1000.0,1000.0,785.8,785.8,785.8,127.25884448969204,127.25884448969204,127.25884448969204
boundary_cycle,72,2Q,5,1000.0,1000.0,1000.0,758.6,758.6,758.6,131.8217769575534,131.8217769575534,131.8217769575534
boundary_cycle,72,ARC,5,1000.0,1000.0,1000.0,758.6,758.6,758.6,131.8217769575534,131.8217769575534,131.8217769575534
boundary_cycle,72,LFU,5,1000.0,1000.0,1000.0,758.6,758.6,758.6,131.8217769575534,131.8217769575534,131.8217769575534
boundary_cycle,72,LIRS,5,758.6,758.6,758.6,758.6,758.6,758.6,100.0,100.0,100.0
boundary_cycle,72,LRU,5,1000.0,1000.0,1000.0,758.6,758.6,758.6,131.8217769575534,131.8217769575534,131.8217769575534
boundary_cycle,768,2Q,5,19.5,19.5,19.5,14.55,14.55,14.55,134.02061855670104,134.02061855670104,134.02061855670104
boundary_cycle,768,ARC,5,14.55,14.55,14.55,14.55,14.55,14.55,100.0,100.0,100.0
boundary_cycle,768,LFU,5,14.55,14.55,14.55,14.55,14.55,14.55,100.0,100.0,100.0
boundary_cycle,768,LIRS,5,14.55,14.55,14.55,14.55,14.55,14.55,100.0,100.0,100.0
boundary_cycle,768,LRU,5,14.55,14.55,14.55,14.55,14.55,14.55,100.0,100.0,100.0
boundary_cycle,8,2Q,5,1000.0,1000.0,1000.0,976.2,976.2,976.2,102.4380249948781,102.4380249948781,102.4380249948781
boundary_cycle,8,ARC,5,1000.0,1000.0,1000.0,976.2,976.2,976.2,102.4380249948781,102.4380249948781,102.4380249948781
boundary_cycle,8,LFU,5,1000.0,1000.0,1000.0,976.2,976.2,976.2,102.4380249948781,102.4380249948781,102.4380249948781
boundary_cycle,8,LIRS,5,976.2,976.2,976.2,976.2,976.2,976.2,100.0,100.0,100.0
boundary_cycle,8,LRU,5,1000.0,1000.0,1000.0,976.2,976.2,976.2,102.4380249948781,102.4380249948781,102.4380249948781
boundary_cycle,96,2Q,5,1000.0,1000.0,1000.0,677.0,677.0,677.0,147.71048744460856,147.71048744460856,147.71048744460856
boundary_cycle,96,ARC,5,1000.0,1000.0,1000.0,677.0,677.0,677.0,147.71048744460856,147.71048744460856,147.71048744460856
boundary_cycle,96,LFU,5,1000.0,1000.0,1000.0,677.0,677.0,677.0,147.71048744460856,147.71048744460856,147.71048744460856
boundary_cycle,96,LIRS,5,677.0,677.0,677.0,677.0,677.0,677.0,100.0,100.0,100.0
boundary_cycle,96,LRU,5,1000.0,1000.0,1000.0,677.0,677.0,677.0,147.71048744460856,147.71048744460856,147.71048744460856
bursts,1,ARC,5,62.44,62.35,62.5,62.44,62.35,62.5,100.0,100.0,100.0
bursts,1,LFU,5,62.44,62.35,62.5,62.44,62.35,62.5,100.0,100.0,100.0
bursts,1,LRU,5,62.44,62.35,62.5,62.44,62.35,62.5,100.0,100.0,100.0
bursts,1024,2Q,5,47.56,46.1,48.9,38.28,37.2,39.25,124.24108115940923,123.09746328437917,125.40322580645162
bursts,1024,ARC,5,38.28,37.2,39.25,38.28,37.2,39.25,100.0,100.0,100.0
bursts,1024,LFU,5,38.28,37.2,39.25,38.28,37.2,39.25,100.0,100.0,100.0
bursts,1024,LIRS,5,38.28,37.2,39.25,38.28,37.2,39.25,100.0,100.0,100.0
bursts,1024,LRU,5,38.28,37.2,39.25,38.28,37.2,39.25,100.0,100.0,100.0
bursts,1159,2Q,5,46.68,45.15,48.3,38.28,37.2,39.25,121.93216051772205,120.5607476635514,123.05732484076434
bursts,1159,ARC,5,38.28,37.2,39.25,38.28,37.2,39.25,100.0,100.0,100.0
bursts,1159,LFU,5,38.28,37.2,39.25,38.28,37.2,39.25,100.0,100.0,100.0
bursts,1159,LIRS,5,38.28,37.2,39.25,38.28,37.2,39.25,100.0,100.0,100.0
bursts,1159,LRU,5,38.28,37.2,39.25,38.28,37.2,39.25,100.0,100.0,100.0
bursts,1160,2Q,5,46.64,45.1,48.3,38.28,37.2,39.25,121.82628894589968,120.42723631508679,123.05732484076434
bursts,1160,ARC,5,38.28,37.2,39.25,38.28,37.2,39.25,100.0,100.0,100.0
bursts,1160,LFU,5,38.28,37.2,39.25,38.28,37.2,39.25,100.0,100.0,100.0
bursts,1160,LIRS,5,38.28,37.2,39.25,38.28,37.2,39.25,100.0,100.0,100.0
bursts,1160,LRU,5,38.28,37.2,39.25,38.28,37.2,39.25,100.0,100.0,100.0
bursts,1161,2Q,5,46.64,45.1,48.3,38.28,37.2,39.25,121.82628894589968,120.42723631508679,123.05732484076434
bursts,1161,ARC,5,38.28,37.2,39.25,38.28,37.2,39.25,100.0,100.0,100.0
bursts,1161,LFU,5,38.28,37.2,39.25,38.28,37.2,39.25,100.0,100.0,100.0
bursts,1161,LIRS,5,38.28,37.2,39.25,38.28,37.2,39.25,100.0,100.0,100.0
bursts,1161,LRU,5,38.28,37.2,39.25,38.28,37.2,39.25,100.0,100.0,100.0
bursts,144,2Q,5,58.79,58.3,59.45,41.62,40.75,42.6,141.2892130950228,138.370720188902,144.17177914110428
bursts,144,ARC,5,55.22,54.65,55.85,41.62,40.75,42.6,132.71433187763958,129.04368358913814,135.95092024539878
bursts,144,LFU,5,55.13,54.7,55.6,41.62,40.75,42.6,132.49386992588535,129.98819362455725,134.96932515337423
bursts,144,LIRS,5,55.22,54.65,55.85,41.62,40.75,42.6,132.71433187763958,129.04368358913814,135.95092024539878
bursts,144,LRU,5,55.22,54.65,55.85,41.62,40.75,42.6,132.71433187763958,129.04368358913814,135.95092024539878
bursts,145,2Q,5,58.79,58.3,59.45,41.57,40.7,42.55,141.45924788980787,138.53427895981088,144.34889434889436
bursts,145,ARC,5,55.18,54.6,55.85,41.57,40.7,42.55,132.77735748942473,129.07801418439718,135.995085995086
bursts,145,LFU,5,55.07,54.65,55.45,41.57,40.7,42.55,132.51057182011988,130.02364066193854,135.13513513513513
bursts,145,LIRS,5,55.18,54.6,55.85,41.57,40.7,42.55,132.77735748942473,129.07801418439718,135.995085995086
bursts,145,LRU,5,55.18,54.6,55.85,41.57,40.7,42.55,132.77735748942473,129.07801418439718,135.995085995086
bursts,146,2Q,5,58.74,58.3,59.35,41.52,40.65,42.5,141.51162781780798,138.34319526627218,144.52644526445263
bursts,146,ARC,5,55.12,54.6,55.75,41.52,40.65,42.5,132.79242521920452,129.23076923076923,135.91635916359164
bursts,146,LFU,5,55.06,54.65,55.45,41.52,40.65,42.5,132.64584669022966,130.17751479289942,135.30135301353013
bursts,146,LIRS,5,55.12,54.6,55.75,41.52,40.65,42.5,132.79242521920452,129.23076923076923,135.91635916359164
bursts,146,LRU,5,55.12,54.6,55.75,41.52,40.65,42.5,132.79242521920452,129.23076923076923,135.91635916359164
bursts,16,2Q,5,61.92,61.8,62.1,54.26,53.9,54.85,114.12093459394053,112.9443938012762,114.78743068391867
bursts,16,ARC,5,61.4,61.0,61.7,54.26,53.9,54.85,113.16109517960228,112.48860528714677,113.95563770794824
bursts,16,LFU,5,61.49,61.4,61.6,54.26,53.9,54.85,113.32873974862737,112.12397447584321,114.10018552875695
bursts,16,LIRS,5,61.4,61.0,61.7,54.26,53.9,54.85,113.16109517960228,112.48860528714677,113.95563770794824
bursts,16,LRU,5,61.4,61.0,61.7,54.26,53.9,54.85,113.16109517960228,112.48860528714677,113.95563770794824
bursts,192,2Q,5,57.53,57.2,58.6,39.22,38.35,40.2,146.71892920942904,143.17897371714642,149.15254237288136
bursts,192,ARC,5,53.12,52.55,54.4,39.22,38.35,40.2,135.4630528160852,132.540675844806,137.02737940026077
bursts,192,LFU,5,52.92,52.3,54.0,39.22,38.35,40.2,134.96669294632596,130.9136420525657,137.8096479791395
bursts,192,LIRS,5,53.12,52.55,54.4,39.22,38.35,40.2,135.4630528160852,132.540675844806,137.02737940026077
bursts,192,LRU,5,53.12,52.55,54.4,39.22,38.35,40.2,135.4630528160852,132.540675844806,137.02737940026077
bursts,2,2Q,5,62.410000000000004,62.3,62.5,60.9,60.7,61.15,102.48008521605567,102.20768601798855,102.8830313014827
bursts,2,ARC,5,62.410000000000004,62.35,62.45,60.9,60.7,61.15,102.48013887718697,102.12591986917417,102.8830313014827
bursts,2,LFU,5,62.39,62.35,62.45,60.9,60.7,61.15,102.4472575217129,102.12591986917417,102.8006589785832
bursts,2,LIRS,5,62.410000000000004,62.35,62.45,60.9,60.7,61.15,102.48013887718697,102.12591986917417,102.8830313014827
bursts,2,LRU,5,62.410000000000004,62.35,62.45,60.9,60.7,61.15,102.48013887718697,102.12591986917417,102.8830313014827
bursts,217,2Q,5,56.99,56.5,58.25,38.33,37.45,39.25,148.73020708571144,144.0764331210191,151.80240320427237
bursts,217,ARC,5,52.02,51.25,52.9,38.33,37.45,39.25,135.74979969962865,132.9936305732484,138.05073431241655
bursts,217,LFU,5,51.81,51.35,53.15,38.33,37.45,39.25,135.20765614021866,130.828025477707,137.38317757009347
bursts,217,LIRS,5,52.02,51.25,52.9,38.33,37.45,39.25,135.74979969962865,132.9936305732484,138.05073431241655
bursts,217,LRU,5,52.02,51.25,52.9,38.33,37.45,39.25,135.74979969962865,132.9936305732484,138.05073431241655
bursts,24,2Q,5,61.66,61.4,61.9,52.37,52.1,52.9,117.74182567533262,117.01323251417769,118.33013435700576
bursts,24,ARC,5,60.95,60.65,61.35,52.37,52.1,52.9,116.38509664861176,115.7442748091603,116.79462571976967
bursts,24,LFU,5,61.05,60.9,61.2,52.37,52.1,52.9,116.57702628777415,115.68998109640832,117.06615532118887
bursts,24,LIRS,5,60.95,60.65,61.35,52.37,52.1,52.9,116.38509664861176,115.7442748091603,116.79462571976967
bursts,24,LRU,5,60.95,60.65,61.35,52.37,52.1,52.9,116.38509664861176,115.7442748091603,116.79462571976967
bursts,256,2Q,5,56.09,55.75,57.0,38.28,37.2,39.25,146.582072795783,142.54777070063693,150.0
bursts,256,ARC,5,50.48,49.4,51.4,38.28,37.2,39.25,131.89166517893108,130.57324840764332,133.6021505376344
bursts,256,LFU,5,50.19,49.4,51.5,38.28,37.2,39.25,131.1408419659873,128.28025477707007,132.79569892473117
bursts,256,LIRS,5,50.48,49.4,51.4,38.28,37.2,39.25,131.89166517893108,130.57324840764332,133.6021505376344
bursts,256,LRU,5,50.48,49.4,51.4,38.28,37.2,39.25,131.89166517893108,130.57324840764332,133.6021505376344
bursts,289,2Q,5,55.51,54.95,56.1,38.28,37.2,39.25,145.06045401159324,142.1656050955414,148.11827956989248
bursts,289,ARC,5,48.97,47.6,50.0,38.28,37.2,39.25,127.93901033008538,127.00636942675159,129.56989247311827
bursts,289,LFU,5,48.86,48.25,49.75,38.28,37.2,39.25,127.66853674908782,126.11464968152866,129.70430107526883
bursts,289,LIRS,5,48.97,47.6,50.0,38.28,37.2,39.25,127.93901033008538,127.00636942675159,129.56989247311827
bursts,289,LRU,5,48.97,47.6,50.0,38.28,37.2,39.25,127.93901033008538,127.00636942675159,129.56989247311827
bursts,290,2Q,5,55.47,54.9,56.0,38.28,37.2,39.25,144.95591460745746,142.1656050955414,147.98387096774192
bursts,290,ARC,5,48.92,47.6,50.0,38.28,37.2,39.25,127.80821953009989,126.87898089171975,129.43548387096774
bursts,290,LFU,5,48.839999999999996,48.25,49.75,38.28,37.2,39.25,127.61569068854523,126.11464968152866,129.70430107526883
bursts,290,LIRS,5,48.92,47.6,50.0,38.28,37.2,39.25,127.80821953009989,126.87898089171975,129.43548387096774
bursts,290,LRU,5,48.92,47.6,50.0,38.28,37.2,39.25,127.80821953009989,126.87898089171975,129.43548387096774
bursts,291,2Q,5,55.47,54.9,56.0,38.28,37.2,39.25,144.95591460745746,142.1656050955414,147.98387096774192
bursts,291,ARC,5,48.87,47.55,50.0,38.28,37.2,39.25,127.67679840553402,126.62420382165605,129.16666666666666
bursts,291,LFU,5,48.8,48.2,49.75,38.28,37.2,39.25,127.51133073514663,125.85987261146497,129.70430107526883
bursts,291,LIRS,5,48.87,47.55,50.0,38.28,37.2,39.25,127.67679840553402,126.62420382165605,129.16666666666666
bursts,291,LRU,5,48.87,47.55,50.0,38.28,37.2,39.25,127.67679840553402,126.62420382165605,129.16666666666666
bursts,32,2Q,5,61.45,61.3,61.8,50.9,50.65,51.5,120.72935697926145,120.0,121.20315581854044
bursts,32,ARC,5,60.51,60.3,61.15,50.9,50.65,51.5,118.88090560632938,118.58407079646018,119.23076923076923
bursts,32,LFU,5,60.63,60.4,60.85,50.9,50.65,51.5,119.11908147275741,118.15533980582525,119.8224852071006
bursts,32,LIRS,5,60.51,60.3,61.15,50.9,50.65,51.5,118.88090560632938,118.58407079646018,119.23076923076923
bursts,32,LRU,5,60.51,60.3,61.15,50.9,50.65,51.5,118.88090560632938,118.58407079646018,119.23076923076923
bursts,35,2Q,5,61.44,61.3,61.75,50.4,50.1,51.05,121.90838590311482,120.95984329089129,122.65469061876247
bursts,35,ARC,5,60.36,60.1,61.0,50.4,50.1,51.05,119.76334601061819,119.44444444444444,120.35928143712574
bursts,35,LFU,5,60.46,60.25,60.7,50.4,50.1,51.05,119.96452052285254,118.90303623898139,120.85828343313374
bursts,35,LIRS,5,60.36,60.1,61.0,50.4,50.1,51.05,119.76334601061819,119.44444444444444,120.35928143712574
bursts,35,LRU,5,60.36,60.1,61.0,50.4,50.1,51.05,119.76334601061819,119.44444444444444,120.35928143712574
bursts,36,2Q,5,61.4,61.2,61.7,50.24,49.9,50.9,122.21764522120384,121.2180746561886,123.24649298597194
bursts,36,ARC,5,60.29,60.0,60.9,50.24,49.9,50.9,120.00590856718841,119.64636542239685,120.84168336673346
bursts,36,LFU,5,60.41,60.25,60.6,50.24,49.9,50.9,120.24753210902134,119.05697445972496,121.04208416833667
bursts,36,LIRS,5,60.29,60.0,60.9,50.24,49.9,50.9,120.00590856718841,119.64636542239685,120.84168336673346
bursts,36,LRU,5,60.29,60.0,60.9,50.24,49.9,50.9,120.00590856718841,119.64636542239685,120.84168336673346
bursts,37,2Q,5,61.4,61.2,61.7,50.09,49.75,50.75,122.583669692022,121.57635467980296,123.61809045226131
bursts,37,ARC,5,60.24,59.95,60.85,50.09,49.75,50.75,120.26541691608138,119.90147783251231,121.00502512562814
bursts,37,LFU,5,60.370000000000005,60.2,60.6,50.09,49.75,50.75,120.52767757986693,119.4088669950739,121.4070351758794
bursts,37,LIRS,5,60.24,59.95,60.85,50.09,49.75,50.75,120.26541691608138,119.90147783251231,121.00502512562814
bursts,37,LRU,5,60.24,59.95,60.85,50.09,49.75,50.75,120.26541691608138,119.90147783251231,121.00502512562814
bursts,384,2Q,5,53.75,53.05,54.55,38.28,37.2,39.25,140.4554643862439,137.96178343949043,143.5483870967742
bursts,384,ARC,5,45.5,44.3,47.2,38.28,37.2,39.25,118.85431825188907,116.73202614379085,120.2547770700637
bursts,384,LFU,5,45.48,44.55,46.6,38.28,37.2,39.25,118.8224286272804,117.96178343949045,120.29569892473118
bursts,384,LIRS,5,45.5,44.3,47.2,38.28,37.2,39.25,118.85431825188907,116.73202614379085,120.2547770700637
bursts,384,LRU,5,45.5,44.3,47.2,38.28,37.2,39.25,118.85431825188907,116.73202614379085,120.2547770700637
bursts,4,2Q,5,62.35,62.2,62.5,59.11,58.85,59.6,105.4829403749001,104.86577181208054,106.0322854715378
bursts,4,ARC,5,62.24,62.15,62.4,59.11,58.85,59.6,105.29673961717864,104.69798657718121,105.60747663551402
bursts,4,LFU,5,62.25,62.15,62.35,59.11,58.85,59.6,105.31396022531887,104.61409395973155,105.8623619371283
bursts,4,LIRS,5,62.24,62.15,62.4,59.11,58.85,59.6,105.29673961717864,104.69798657718121,105.60747663551402
bursts,4,LRU,5,62.24,62.15,62.4,59.11,58.85,59.6,105.29673961717864,104.69798657718121,105.60747663551402
bursts,48,2Q,5,60.96,60.7,61.35,48.57,48.1,49.3,125.51650924580585,124.4421906693712,127.02702702702703
bursts,48,ARC,5,59.78,59.45,60.4,48.57,48.1,49.3,123.08534016874658,122.07392197125257,124.53222453222453
bursts,48,LFU,5,59.699999999999996,59.55,60.05,48.57,48.1,49.3,122.92091952504494,121.8052738336714,123.8045738045738
bursts,48,LIRS,5,59.78,59.45,60.4,48.57,48.1,49.3,123.08534016874658,122.07392197125257,124.53222453222453
bursts,48,LRU,5,59.78,59.45,60.4,48.57,48.1,49.3,123.08534016874658,122.07392197125257,124.53222453222453
bursts,512,2Q,5,51.51,50.5,52.6,38.28,37.2,39.25,134.5830228488198,133.2484076433121,136.55913978494624
bursts,512,ARC,5,41.61,39.7,43.95,38.28,37.2,39.25,108.66449308188295,106.72043010752688,111.97452229299363
bursts,512,LFU,5,41.64,40.2,43.55,38.28,37.2,39.25,108.75563242098275,107.58169934640523,110.95541401273886
bursts,512,LIRS,5,41.61,39.7,43.95,38.28,37.2,39.25,108.66449308188295,106.72043010752688,111.97452229299363
bursts,512,LRU,5,41.61,39.7,43.95,38.28,37.2,39.25,108.66449308188295,106.72043010752688,111.97452229299363
bursts,64,2Q,5,60.6,60.4,60.8,46.730000000000004,45.95,47.7,129.701711774425,127.46331236897275,131.77366702937977
bursts,64,ARC,5,58.96,58.55,59.75,46.730000000000004,45.95,47.7,126.18358727092851,124.62845010615712,127.42110990206747
bursts,64,LFU,5,58.91,58.7,59.3,46.730000000000004,45.95,47.7,126.08174068792376,124.31865828092243,128.0739934711643
bursts,64,LIRS,5,58.96,58.55,59.75,46.730000000000004,45.95,47.7,126.18358727092851,124.62845010615712,127.42110990206747
bursts,64,LRU,5,58.96,58.55,59.75,46.730000000000004,45.95,47.7,126.18358727092851,124.62845010615712,127.42110990206747
bursts,72,2Q,5,60.47,60.25,60.8,45.93,45.15,46.9,131.67746875321998,129.63752665245204,133.99778516057586
bursts,72,ARC,5,58.47,58.1,59.15,45.93,45.15,46.9,127.31448278489759,126.11940298507463,128.79291251384274
bursts,72,LFU,5,58.65,58.5,59.0,45.93,45.15,46.9,127.71200171872756,125.79957356076758,129.56810631229237
bursts,72,LIRS,5,58.47,58.1,59.15,45.93,45.15,46.9,127.31448278489759,126.11940298507463,128.79291251384274
bursts,72,LRU,5,58.47,58.1,59.15,45.93,45.15,46.9,127.31448278489759,126.11940298507463,128.79291251384274
bursts,768,2Q,5,49.2,48.15,50.2,38.28,37.2,39.25,128.54341775063563,127.64331210191082,130.10752688172042
bursts,768,ARC,5,38.28,37.2,39.25,38.28,37.2,39.25,100.0,100.0,100.0
bursts,768,LFU,5,38.28,37.2,39.25,38.28,37.2,39.25,100.0,100.0,100.0
bursts,768,LIRS,5,38.28,37.2,39.25,38.28,37.2,39.25,100.0,100.0,100.0
bursts,768,LRU,5,38.28,37.2,39.25,38.28,37.2,39.25,100.0,100.0,100.0
bursts,8,2Q,5,62.24,62.05,62.35,56.96,56.6,57.45,109.2725134381336,108.35509138381201,110.07067137809187
bursts,8,ARC,5,61.94,61.8,62.05,56.96,56.6,57.45,108.74533589514478,107.91993037423846,109.2756183745583
bursts,8,LFU,5,62.04,61.9,62.15,56.96,56.6,57.45,108.92102801150737,108.18102697998259,109.62897526501767
bursts,8,LIRS,5,61.94,61.8,62.05,56.96,56.6,57.45,108.74533589514478,107.91993037423846,109.2756183745583
bursts,8,LRU,5,61.94,61.8,62.05,56.96,56.6,57.45,108.74533589514478,107.91993037423846,109.2756183745583
bursts,96,2Q,5,59.88,59.6,60.4,44.02,43.15,45.0,136.05761431779845,133.74301675977654,138.1228273464658
bursts,96,ARC,5,57.51,57.25,57.95,44.02,43.15,45.0,130.67411124842695,128.268156424581,132.67670915411355
bursts,96,LFU,5,57.410000000000004,57.15,57.85,44.02,43.15,45.0,130.44762787019116,127.93296089385476,132.44495944380068
bursts,96,LIRS,5,57.51,57.25,57.95,44.02,43.15,45.0,130.67411124842695,128.268156424581,132.67670915411355
bursts,96,LRU,5,57.51,57.25,57.95,44.02,43.15,45.0,130.67411124842695,128.268156424581,132.67670915411355
hot_cold,1,ARC,5,977.59,975.35,979.15,977.59,975.35,979.15,100.0,100.0,100.0
hot_cold,1,LFU,5,977.59,975.35,979.15,977.59,975.35,979.15,100.0,100.0,100.0
hot_cold,1,LRU,5,977.59,975.35,979.15,977.59,975.35,979.15,100.0,100.0,100.0
hot_cold,1024,2Q,5,70.5,69.5,71.9,49.43,49.0,50.3,142.62440704952962,141.3793103448276,143.92712550607288
hot_cold,1024,ARC,5,49.43,49.0,50.3,49.43,49.0,50.3,100.0,100.0,100.0
hot_cold,1024,LFU,5,49.43,49.0,50.3,49.43,49.0,50.3,100.0,100.0,100.0
hot_cold,1024,LIRS,5,49.43,49.0,50.3,49.43,49.0,50.3,100.0,100.0,100.0
hot_cold,1024,LRU,5,49.43,49.0,50.3,49.43,49.0,50.3,100.0,100.0,100.0
hot_cold,1159,2Q,5,69.09,68.05,70.75,49.43,49.0,50.3,139.76902092586877,138.45371312309257,140.78947368421052
hot_cold,1159,ARC,5,49.43,49.0,50.3,49.43,49.0,50.3,100.0,100.0,100.0
hot_cold,1159,LFU,5,49.43,49.0,50.3,49.43,49.0,50.3,100.0,100.0,100.0
hot_cold,1159,LIRS,5,49.43,49.0,50.3,49.43,49.0,50.3,100.0,100.0,100.0
hot_cold,1159,LRU,5,49.43,49.0,50.3,49.43,49.0,50.3,100.0,100.0,100.0
hot_cold,1160,2Q,5,69.08,68.0,70.75,49.43,49.0,50.3,139.74867504590947,138.35198372329603,140.78947368421052
hot_cold,1160,ARC,5,49.43,49.0,50.3,49.43,49.0,50.3,100.0,100.0,100.0
hot_cold,1160,LFU,5,49.43,49.0,50.3,49.43,49.0,50.3,100.0,100.0,100.0
hot_cold,1160,LIRS,5,49.43,49.0,50.3,49.43,49.0,50.3,100.0,100.0,100.0
hot_cold,1160,LRU,5,49.43,49.0,50.3,49.43,49.0,50.3,100.0,100.0,100.0
hot_cold,1161,2Q,5,69.08,68.0,70.75,49.43,49.0,50.3,139.74867504590947,138.35198372329603,140.78947368421052
hot_cold,1161,ARC,5,49.43,49.0,50.3,49.43,49.0,50.3,100.0,100.0,100.0
hot_cold,1161,LFU,5,49.43,49.0,50.3,49.43,49.0,50.3,100.0,100.0,100.0
hot_cold,1161,LIRS,5,49.43,49.0,50.3,49.43,49.0,50.3,100.0,100.0,100.0
hot_cold,1161,LRU,5,49.43,49.0,50.3,49.43,49.0,50.3,100.0,100.0,100.0
hot_cold,144,2Q,5,96.28,94.75,97.15,68.29,67.15,68.9,140.9875195020064,140.56603773584905,141.38686131386862
hot_cold,144,ARC,5,92.78999999999999,91.6,93.85,68.29,67.15,68.9,135.87754969603114,135.26818515797208,136.41102010424422
hot_cold,144,LFU,5,92.74,91.6,93.75,68.29,67.15,68.9,135.80638248472815,135.1094890510949,136.41102010424422
hot_cold,144,LIRS,5,92.92,91.1,93.85,68.29,67.15,68.9,136.06662337941214,135.3667392883079,136.73769287288758
hot_cold,144,LRU,5,92.94,91.2,94.1,68.29,67.15,68.9,136.09509971543014,135.19593613933236,136.93430656934308
hot_cold,145,2Q,5,96.25,94.75,97.1,68.15,67.0,68.75,141.23343915983435,140.87272727272727,141.62399414776883
hot_cold,145,ARC,5,92.76,91.5,93.9,68.15,67.0,68.75,136.11235195560036,135.56701030927834,136.5818181818182
hot_cold,145,LFU,5,92.64,91.5,93.65,68.15,67.0,68.75,135.93877612698398,135.25969275786395,136.56716417910448
hot_cold,145,LIRS,5,92.84,91.0,93.85,68.15,67.0,68.75,136.2287779775764,135.34545454545454,136.81885125184095
hot_cold,145,LRU,5,92.87,91.1,94.0,68.15,67.0,68.75,136.271767096419,135.4909090909091,137.16166788588149
hot_cold,146,2Q,5,96.22,94.7,97.05,68.01,66.85,68.65,141.48029341336144,141.1078717201166,141.93548387096774
hot_cold,146,ARC,5,92.73,91.35,93.8,68.01,66.85,68.65,136.3478966716038,135.71955719557195,136.73469387755102
hot_cold,146,LFU,5,92.52,91.45,93.55,68.01,66.85,68.65,136.0431612879684,135.26392961876832,136.79880329094988
hot_cold,146,LIRS,5,92.76,91.0,93.8,68.01,66.85,68.65,136.3923341474341,135.46977421704298,137.0479704797048
hot_cold,146,LRU,5,92.77,91.0,93.85,68.01,66.85,68.65,136.4055741182838,135.64139941690962,137.316715542522
hot_cold,16,2Q,5,622.46,617.95,628.6,344.64,341.95,346.9,180.61085891676706,180.1542266841263,181.20495820121073
hot_cold,16,ARC,5,625.92,622.15,629.6,344.64,341.95,346.9,181.61625704865043,181.01027645100592,182.36060825488775
hot_cold,16,LFU,5,604.18,599.4,610.95,344.64,341.95,346.9,175.3080956905565,173.83972326318823,176.8562744246635
hot_cold,16,LIRS,5,604.33,599.7,607.7,344.64,341.95,346.9,175.3529976600862,174.50894805761675,176.34157040502998
hot_cold,16,LRU,5,650.32,642.4,658.95,344.64,341.95,346.9,188.69276579501235,187.5235200463164,189.95387719803978
hot_cold,192,2Q,5,94.1,92.3,94.95,63.25,62.0,64.05,148.77807172591488,148.24355971896955,149.36305732484075
hot_cold,192,ARC,5,89.2,87.55,90.1,63.25,62.0,64.05,141.02889252169408,140.60509554140128,142.00157604412922
hot_cold,192,LFU,5,89.03,87.45,90.1,63.25,62.0,64.05,140.76370746441245,139.48397185301016,141.40127388535032
hot_cold,192,LIRS,5,89.22,88.4,90.05,63.25,62.0,64.05,141.07442457173195,138.93666927286944,142.58064516129033
hot_cold,192,LRU,5,89.36,87.85,90.6,63.25,62.0,64.05,141.2834729411744,140.10946051602815,142.1591804570528
hot_cold,2,2Q,5,952.96,949.35,954.8,855.18,852.4,858.15,111.43415194540215,111.09945813668939,111.69864295741694
hot_cold,2,ARC,5,953.06,950.2,954.6,855.18,852.4,858.15,111.44574646952655,111.23929382975004,111.57876251243927
hot_cold,2,LFU,5,952.5600000000001,950.85,954.0,855.18,852.4,858.15,111.38744063068059,111.09363164947852,111.64900778551777
hot_cold,2,LIRS,5,951.98,949.85,953.4,855.18,852.4,858.15,111.3195377029031,111.09945813668939,111.49095592109114
hot_cold,2,LRU,5,955.32,951.9,959.55,855.18,852.4,858.15,111.70978352388042,111.54250350303596,111.81611606362524
hot_cold,217,2Q,5,92.75,91.2,93.85,60.75,59.5,61.55,152.67944748911208,151.74938974776242,153.32239540607054
hot_cold,217,ARC,5,87.27,85.45,88.2,60.75,59.5,61.55,143.6556029222072,143.0544272948822,144.38063986874488
hot_cold,217,LFU,5,87.14,85.75,88.2,60.75,59.5,61.55,143.44610149024263,142.39218877135883,144.11764705882354
hot_cold,217,LIRS,5,87.18,86.4,88.2,60.75,59.5,61.55,143.52170512640257,141.57851912123678,145.21008403361344
hot_cold,217,LRU,5,87.31,85.7,88.4,60.75,59.5,61.55,143.7245096259553,142.39218877135883,144.6267432321575
hot_cold,24,2Q,5,448.93,446.4,451.45,219.1,217.5,219.95,204.89805333774717,203.81904978404182,205.56061987237922
hot_cold,24,ARC,5,423.54,420.5,426.3,219.1,217.5,219.95,193.31008098530052,191.65907019143117,194.0
hot_cold,24,LFU,5,406.71,403.2,411.45,219.1,217.5,219.95,185.6278516350791,184.13855970829536,187.41146904272333
hot_cold,24,LIRS,5,406.53,402.75,408.95,219.1,217.5,219.95,185.54915899308853,183.56882406563355,187.10344827586206
hot_cold,24,LRU,5,485.76,481.35,490.45,219.1,217.5,219.95,221.70601331119403,220.37374658158615,223.1346678798908
hot_cold,256,2Q,5,90.77,88.75,91.8,58.0,57.25,58.9,156.49865498026858,154.34782608695653,157.74526678141137
hot_cold,256,ARC,5,84.43,82.95,85.4,58.0,57.25,58.9,145.5694236035058,144.2608695652174,146.9879518072289
hot_cold,256,LFU,5,84.0,82.95,84.85,58.0,57.25,58.9,144.83298717601036,144.05772495755517,146.3755458515284
hot_cold,256,LIRS,5,84.06,83.25,84.7,58.0,57.25,58.9,144.94204109882338,142.78438030560272,146.72489082969432
hot_cold,256,LRU,5,84.42999999999999,82.55,85.4,58.0,57.25,58.9,145.56927334686338,143.56521739130434,146.9879518072289
hot_cold,289,2Q,5,89.09,87.2,90.2,56.35,55.6,57.25,158.10152010502267,156.13249776186214,159.78742249778566
hot_cold,289,ARC,5,81.78,80.7,83.0,56.35,55.6,57.25,145.1330188962121,143.9301310043668,147.0327723649247
hot_cold,289,LFU,5,81.35,80.1,82.4,56.35,55.6,57.25,144.36746809007178,143.41987466427932,145.23381294964028
hot_cold,289,LIRS,5,81.39999999999999,80.7,81.85,56.35,55.6,57.25,144.4651589975285,142.09606986899564,145.47896150402866
hot_cold,289,LRU,5,81.89,80.05,83.0,56.35,55.6,57.25,145.32458187557677,143.3303491495076,146.6726618705036
hot_cold,290,2Q,5,89.06,87.2,90.15,56.3,55.55,57.2,158.18821116194223,156.27240143369175,159.8404255319149
hot_cold,290,ARC,5,81.78,81.0,82.85,56.3,55.55,57.2,145.26381688268137,143.7937062937063,146.89716312056737
hot_cold,290,LFU,5,81.27,80.0,82.4,56.3,55.55,57.2,144.35302230879756,143.36917562724014,145.18451845184518
hot_cold,290,LIRS,5,81.36,80.7,81.85,56.3,55.55,57.2,144.522711107989,142.13286713286712,145.51971326164875
hot_cold,290,LRU,5,81.84,80.05,82.9,56.3,55.55,57.2,145.36468853543417,143.45878136200716,146.53465346534654
hot_cold,291,2Q,5,89.04,87.2,90.15,56.25,55.5,57.15,158.2933220152231,156.41255605381167,159.98225377107366
hot_cold,291,ARC,5,81.58,80.8,82.6,56.25,55.5,57.15,145.03687231962667,143.83202099737534,146.583850931677
hot_cold,291,LFU,5,81.19,79.85,82.4,56.25,55.5,57.15,144.33803995767653,143.22869955156952,145.04504504504504
hot_cold,291,LIRS,5,81.24,80.6,81.85,56.25,55.5,57.15,144.43786044747256,142.082239720035,145.38116591928252
hot_cold,291,LRU,5,81.82000000000001,80.0,82.9,56.25,55.5,57.15,145.45827957245731,143.49775784753362,146.66666666666666
hot_cold,32,2Q,5,299.26,296.05,301.1,135.85,134.4,136.75,220.28683518990897,219.94847258005152,220.9908256880734
hot_cold,32,ARC,5,228.07,226.65,228.95,135.85,134.4,136.75,167.88895026832654,165.7404021937843,169.08482142857142
hot_cold,32,LFU,5,212.66,211.2,213.25,135.85,134.4,136.75,156.5462838838229,155.0091743119266,158.55654761904762
hot_cold,32,LIRS,5,214.56,211.55,217.75,135.85,134.4,136.75,157.93884422140093,156.80733944954127,160.28708133971293
hot_cold,32,LRU,5,333.69,331.0,335.5,135.85,134.4,136.75,245.63509885199193,243.65108575634892,247.13541666666666
hot_cold,35,2Q,5,243.1,241.4,244.65,113.47,111.9,114.15,214.24577760247692,212.68163804491414,215.72832886505807
hot_cold,35,ARC,5,158.13,156.35,159.75,113.47,111.9,114.15,139.360329587251,137.69264641127256,140.30384271671136
hot_cold,35,LFU,5,143.58,142.05,145.3,113.47,111.9,114.15,126.53981150298793,124.60526315789474,127.65862377122431
hot_cold,35,LIRS,5,146.91,145.3,147.95,113.47,111.9,114.15,129.47209119641298,128.7280701754386,130.29502421840598
hot_cold,35,LRU,5,283.06,281.95,284.1,113.47,111.9,114.15,249.4673242873709,247.65659220324136,251.96604110813226
hot_cold,36,2Q,5,235.14000000000001,233.2,237.75,107.27,105.65,107.95,219.21028077662905,216.90597498842055,220.72882158069095
hot_cold,36,ARC,5,134.78,133.2,136.4,107.27,105.65,107.95,125.64728528570893,124.87262621584067,126.5893271461717
hot_cold,36,LFU,5,121.96,120.8,123.5,107.27,105.65,107.95,113.6966196220881,112.5754060324826,114.40481704492821
hot_cold,36,LIRS,5,126.16,124.0,127.85,107.27,105.65,107.95,117.60966825116549,116.77509293680298,119.04096834264432
hot_cold,36,LRU,5,267.04,265.85,268.95,107.27,105.65,107.95,248.95277021552073,246.78091709124595,251.63274964505442
hot_cold,37,2Q,5,217.98,216.2,219.7,101.84,100.25,102.6,214.05022808834588,211.64717348927874,215.66084788029926
hot_cold,37,ARC,5,114.91,113.65,116.9,101.84,100.25,102.6,112.83582510333544,111.84210526315789,114.27174975562072
hot_cold,37,LFU,5,102.58,100.85,103.15,101.84,100.25,102.6,100.7265037233537,100.53606237816764,100.98280098280098
hot_cold,37,LIRS,5,107.96,105.9,109.5,101.84,100.25,102.6,106.00951599173786,104.62962962962963,107.03812316715542
hot_cold,37,LRU,5,251.68,249.9,253.5,101.84,100.25,102.6,247.14173579240116,245.60117302052785,249.27680798004988
hot_cold,384,2Q,5,84.38,82.75,86.25,51.6,50.85,52.5,163.5259977474584,162.47619047619048,166.82785299806577
hot_cold,384,ARC,5,74.83,73.6,76.1,51.6,50.85,52.5,145.0244575450826,143.61904761904762,147.19535783365572
hot_cold,384,LFU,5,74.33,72.95,75.35,51.6,50.85,52.5,144.05112078928005,143.33333333333334,145.74468085106383
hot_cold,384,LIRS,5,74.64,74.45,74.85,51.6,50.85,52.5,144.66922751719738,142.1904761904762,146.90265486725664
hot_cold,384,LRU,5,74.73,73.15,76.15,51.6,50.85,52.5,144.82563272596903,143.15068493150685,146.11602753195675
hot_cold,4,2Q,5,903.08,899.65,906.05,714.58,711.05,718.65,126.37978296498319,125.91664927294232,126.68484340044743
hot_cold,4,ARC,5,906.05,902.65,908.25,714.58,711.05,718.65,126.79557895464907,126.3828010853684,127.27272727272727
hot_cold,4,LFU,5,902.66,899.9,905.35,714.58,711.05,718.65,126.32155340397915,125.51311486815557,126.58696868008948
hot_cold,4,LIRS,5,902.88,898.45,906.0,714.58,711.05,718.65,126.35155966561376,126.06971404717179,126.69096516436532
hot_cold,4,LRU,5,910.76,906.1,913.4,714.58,711.05,718.65,127.45437333157525,127.09942252835177,127.74234246863391
hot_cold,48,2Q,5,107.55,105.8,109.05,90.62,89.15,91.45,118.68289625836263,117.4250832408435,119.83516483516483
hot_cold,48,ARC,5,101.5,99.85,102.3,90.62,89.15,91.45,112.00825275999749,111.48796498905908,112.59711431742508
hot_cold,48,LFU,5,101.07000000000001,99.4,101.7,90.62,89.15,91.45,111.5336889993503,111.20831055221433,112.3196448390677
hot_cold,48,LIRS,5,101.14,99.75,101.65,90.62,89.15,91.45,111.61231487607571,110.9896118097321,112.26415094339623
hot_cold,48,LRU,5,134.35999999999999,130.6,136.7,90.62,89.15,91.45,148.2592658551106,146.49467190128996,149.4805904866047
hot_cold,512,2Q,5,79.17999999999999,78.05,80.35,49.43,49.0,50.3,160.19031548954297,158.7995930824008,162.6530612244898
hot_cold,512,ARC,5,66.53,65.1,68.25,49.43,49.0,50.3,134.58942157481317,132.45167853509665,135.6858846918489
hot_cold,512,LFU,5,65.91,65.3,67.1,49.43,49.0,50.3,133.3415950796476,132.18623481781376,134.3877551020408
hot_cold,512,LIRS,5,65.82000000000001,64.8,67.0,49.43,49.0,50.3,133.1595128158034,131.1740890688259,134.68559837728193
hot_cold,512,LRU,5,66.46,64.85,68.05,49.43,49.0,50.3,134.44964562629872,131.94303153611395,136.0204081632653
hot_cold,64,2Q,5,101.48,99.85,102.25,83.85000000000001,82.45,84.65,121.02774550087784,120.28385570668243,121.50988615937688
hot_cold,64,ARC,5,100.18,98.15,101.5,83.85000000000001,82.45,84.65,119.4766633893273,118.5097575399172,120.61794414735591
hot_cold,64,LFU,5,99.56,98.2,100.2,83.85000000000001,82.45,84.65,118.73920272599067,117.97752808988764,119.17315757938886
hot_cold,64,LIRS,5,99.6,98.15,100.35,83.85000000000001,82.45,84.65,118.78722880134806,118.07442409923213,119.47273816656681
hot_cold,64,LRU,5,101.07000000000001,99.65,102.15,83.85000000000001,82.45,84.65,120.53862237672782,119.92903607332939,120.86112795633717
hot_cold,72,2Q,5,100.85000000000001,99.4,101.65,81.37,80.05,82.15,123.94419011580443,122.94583079732197,124.76780185758514
hot_cold,72,ARC,5,99.04,97.0,100.0,81.37,80.05,82.15,121.71646132503321,121.17426608369769,122.60061919504643
hot_cold,72,LFU,5,98.96000000000001,97.4,99.9,81.37,80.05,82.15,121.62109713921133,120.45039561777237,122.60061919504643
hot_cold,72,LIRS,5,98.91,97.35,99.85,81.37,80.05,82.15,121.56111508247815,120.57212416311626,122.84829721362229
hot_cold,72,LRU,5,99.31,97.7,100.25,81.37,80.05,82.15,122.05114633985461,121.36335970785149,123.28173374613003
hot_cold,768,2Q,5,72.92,72.0,74.25,49.43,49.0,50.3,147.52099189844841,146.0446247464503,148.98785425101215
hot_cold,768,ARC,5,53.589999999999996,52.4,55.55,49.43,49.0,50.3,108.40741694736066,106.61241098677517,110.43737574552684
hot_cold,768,LFU,5,53.589999999999996,52.4,55.55,49.43,49.0,50.3,108.40741694736066,106.61241098677517,110.43737574552684
hot_cold,768,LIRS,5,53.53,52.85,55.05,49.43,49.0,50.3,108.2888556521825,107.52797558494404,109.44333996023857
hot_cold,768,LRU,5,53.56,52.3,55.1,49.43,49.0,50.3,108.3504461308852,106.4089521871821,109.5427435387674
hot_cold,8,2Q,5,807.22,804.35,811.15,544.99,541.75,549.5,148.11790182102953,147.61601455868973,148.70327641901247
hot_cold,8,ARC,5,813.96,809.2,818.45,544.99,541.75,549.5,149.35420063092602,148.9444949954504,149.99080375206916
hot_cold,8,LFU,5,804.16,802.8,806.45,544.99,541.75,549.5,147.5581401956015,146.17834394904457,148.1864328564836
hot_cold,8,LIRS,5,803.09,797.75,808.05,544.99,541.75,549.5,147.3588329251384,146.72613573661945,147.9138010087116
hot_cold,8,LRU,5,822.09,815.8,827.25,544.99,541.75,549.5,150.84544391115807,150.4176227627352,151.58175464410522
hot_cold,96,2Q,5,99.42,97.65,100.6,75.86,74.85,76.55,131.05510482947062,130.46092184368737,131.41737426518614
hot_cold,96,ARC,5,96.91,95.1,97.65,75.86,74.85,76.55,127.74789648085984,127.05410821643287,128.41965471447543
hot_cold,96,LFU,5,96.92999999999999,95.5,97.9,75.86,74.85,76.55,127.77714714620568,126.86762778505897,128.95086321381143
hot_cold,96,LIRS,5,96.85,95.25,97.7,75.86,74.85,76.55,127.67054335988887,127.129750982962,128.61885790172641
hot_cold,96,LRU,5,96.98,95.5,97.8,75.86,74.85,76.55,127.84171923537659,127.2608125819135,128.55245683930943
hot_scan,1,ARC,5,978.5699999999999,977.7,979.3,978.5699999999999,977.7,979.3,100.0,100.0,100.0
hot_scan,1,LFU,5,978.5699999999999,977.7,979.3,978.5699999999999,977.7,979.3,100.0,100.0,100.0
hot_scan,1,LRU,5,978.5699999999999,977.7,979.3,978.5699999999999,977.7,979.3,100.0,100.0,100.0
hot_scan,1024,2Q,5,253.2,253.2,253.2,251.4,251.4,251.4,100.71599045346062,100.71599045346062,100.71599045346062
hot_scan,1024,ARC,5,251.4,251.4,251.4,251.4,251.4,251.4,100.0,100.0,100.0
hot_scan,1024,LFU,5,251.4,251.4,251.4,251.4,251.4,251.4,100.0,100.0,100.0
hot_scan,1024,LIRS,5,251.4,251.4,251.4,251.4,251.4,251.4,100.0,100.0,100.0
hot_scan,1024,LRU,5,251.4,251.4,251.4,251.4,251.4,251.4,100.0,100.0,100.0
hot_scan,1159,2Q,5,253.2,253.2,253.2,251.4,251.4,251.4,100.71599045346062,100.71599045346062,100.71599045346062
hot_scan,1159,ARC,5,251.4,251.4,251.4,251.4,251.4,251.4,100.0,100.0,100.0
hot_scan,1159,LFU,5,251.4,251.4,251.4,251.4,251.4,251.4,100.0,100.0,100.0
hot_scan,1159,LIRS,5,251.4,251.4,251.4,251.4,251.4,251.4,100.0,100.0,100.0
hot_scan,1159,LRU,5,251.4,251.4,251.4,251.4,251.4,251.4,100.0,100.0,100.0
hot_scan,1160,2Q,5,253.2,253.2,253.2,251.4,251.4,251.4,100.71599045346062,100.71599045346062,100.71599045346062
hot_scan,1160,ARC,5,251.4,251.4,251.4,251.4,251.4,251.4,100.0,100.0,100.0
hot_scan,1160,LFU,5,251.4,251.4,251.4,251.4,251.4,251.4,100.0,100.0,100.0
hot_scan,1160,LIRS,5,251.4,251.4,251.4,251.4,251.4,251.4,100.0,100.0,100.0
hot_scan,1160,LRU,5,251.4,251.4,251.4,251.4,251.4,251.4,100.0,100.0,100.0
hot_scan,1161,2Q,5,253.2,253.2,253.2,251.4,251.4,251.4,100.71599045346062,100.71599045346062,100.71599045346062
hot_scan,1161,ARC,5,251.4,251.4,251.4,251.4,251.4,251.4,100.0,100.0,100.0
hot_scan,1161,LFU,5,251.4,251.4,251.4,251.4,251.4,251.4,100.0,100.0,100.0
hot_scan,1161,LIRS,5,251.4,251.4,251.4,251.4,251.4,251.4,100.0,100.0,100.0
hot_scan,1161,LRU,5,251.4,251.4,251.4,251.4,251.4,251.4,100.0,100.0,100.0
hot_scan,144,2Q,5,320.83,320.7,320.95,251.4,251.4,251.4,127.61734287987272,127.56563245823389,127.66507557677009
hot_scan,144,ARC,5,251.4,251.4,251.4,251.4,251.4,251.4,100.0,100.0,100.0
hot_scan,144,LFU,5,251.4,251.4,251.4,251.4,251.4,251.4,100.0,100.0,100.0
hot_scan,144,LIRS,5,251.4,251.4,251.4,251.4,251.4,251.4,100.0,100.0,100.0
hot_scan,144,LRU,5,312.55,311.6,313.15,251.4,251.4,251.4,124.32378679395386,123.9459029435163,124.56245027844074
hot_scan,145,2Q,5,320.83,320.7,320.95,251.4,251.4,251.4,127.61734287987272,127.56563245823389,127.66507557677009
hot_scan,145,ARC,5,251.4,251.4,251.4,251.4,251.4,251.4,100.0,100.0,100.0
hot_scan,145,LFU,5,251.4,251.4,251.4,251.4,251.4,251.4,100.0,100.0,100.0
hot_scan,145,LIRS,5,251.4,251.4,251.4,251.4,251.4,251.4,100.0,100.0,100.0
hot_scan,145,LRU,5,311.24,310.05,311.85,251.4,251.4,251.4,123.80270485282418,123.32935560859188,124.0453460620525
hot_scan,146,2Q,5,320.83,320.7,320.95,251.4,251.4,251.4,127.61734287987272,127.56563245823389,127.66507557677009
hot_scan,146,ARC,5,251.4,251.4,251.4,251.4,251.4,251.4,100.0,100.0,100.0
hot_scan,146,LFU,5,251.4,251.4,251.4,251.4,251.4,251.4,100.0,100.0,100.0
hot_scan,146,LIRS,5,251.4,251.4,251.4,251.4,251.4,251.4,100.0,100.0,100.0
hot_scan,146,LRU,5,309.98,308.55,310.55,251.4,251.4,251.4,123.30151153540174,122.73269689737471,123.52824184566428
hot_scan,16,2Q,5,667.17,663.6,669.05,449.5,448.8,450.95,148.4248976148411,147.86096256684493,148.85300668151447
hot_scan,16,ARC,5,668.16,666.7,672.2,449.5,448.8,450.95,148.64485307779836,148.41941228851292,149.063089034261
hot_scan,16,LFU,5,665.74,662.2,671.45,449.5,448.8,450.95,148.1069215594266,147.5218982148797,149.3604715826938
hot_scan,16,LIRS,5,665.52,662.4,668.1,449.5,448.8,450.95,148.05799219652096,147.59358288770053,148.73107747105965
hot_scan,16,LRU,5,674.6999999999999,671.9,679.05,449.5,448.8,450.95,150.0996808079148,149.57702582368654,150.5821044461692
hot_scan,192,2Q,5,255.89000000000001,254.8,256.95,251.4,251.4,251.4,101.7859984089101,101.35242641209229,102.20763723150358
hot_scan,192,ARC,5,251.4,251.4,251.4,251.4,251.4,251.4,100.0,100.0,100.0
hot_scan,192,LFU,5,251.4,251.4,251.4,251.4,251.4,251.4,100.0,100.0,100.0
hot_scan,192,LIRS,5,251.4,251.4,251.4,251.4,251.4,251.4,100.0,100.0,100.0
hot_scan,192,LRU,5,251.4,251.4,251.4,251.4,251.4,251.4,100.0,100.0,100.0
hot_scan,2,2Q,5,957.75,956.2,959.05,875.75,874.05,877.6,109.36357232575604,109.0587967183227,109.57440731219651
hot_scan,2,ARC,5,957.85,956.35,959.55,875.75,874.05,877.6,109.37493812381145,109.12716499544212,109.52299343044844
hot_scan,2,LFU,5,958.03,957.2,960.35,875.75,874.05,877.6,109.39559745771793,109.10437556973564,109.72293630391317
hot_scan,2,LIRS,5,957.45,955.35,958.5,875.75,874.05,877.6,109.32922528424065,109.14995442114859,109.43051350888216
hot_scan,2,LRU,5,958.18,957.15,959.6,875.75,874.05,877.6,109.41270160032565,109.12716499544212,109.63724650099971
hot_scan,217,2Q,5,253.3,253.3,253.3,251.4,251.4,251.4,100.7557677008751,100.7557677008751,100.7557677008751
hot_scan,217,ARC,5,251.4,251.4,251.4,251.4,251.4,251.4,100.0,100.0,100.0
hot_scan,217,LFU,5,251.4,251.4,251.4,251.4,251.4,251.4,100.0,100.0,100.0
hot_scan,217,LIRS,5,251.4,251.4,251.4,251.4,251.4,251.4,100.0,100.0,100.0
hot_scan,217,LRU,5,251.4,251.4,251.4,251.4,251.4,251.4,100.0,100.0,100.0
hot_scan,24,2Q,5,502.18,499.7,504.5,344.25,343.25,345.1,145.876378018308,145.24051736666183,146.18951028687337
hot_scan,24,ARC,5,501.15999999999997,500.45,502.4,344.25,343.25,345.1,145.58039619794258,145.44531476646358,145.79752367079388
hot_scan,24,LFU,5,501.07,496.2,503.95,344.25,343.25,345.1,145.55342770629093,144.55935906773487,146.030136192408
hot_scan,24,LIRS,5,500.24,498.35,502.5,344.25,343.25,345.1,145.31301095483877,144.80604387621676,145.77893820713663
hot_scan,24,LRU,5,520.9200000000001,519.2,523.85,344.25,343.25,345.1,151.3204788442442,150.62373078038874,151.84268026219956
hot_scan,256,2Q,5,253.2,253.2,253.2,251.4,251.4,251.4,100.71599045346062,100.71599045346062,100.71599045346062
hot_scan,256,ARC,5,251.4,251.4,251.4,251.4,251.4,251.4,100.0,100.0,100.0
hot_scan,256,LFU,5,251.4,251.4,251.4,251.4,251.4,251.4,100.0,100.0,100.0
hot_scan,256,LIRS,5,251.4,251.4,251.4,251.4,251.4,251.4,100.0,100.0,100.0
hot_scan,256,LRU,5,251.4,251.4,251.4,251.4,251.4,251.4,100.0,100.0,100.0
hot_scan,289,2Q,5,253.2,253.2,253.2,251.4,251.4,251.4,100.71599045346062,100.71599045346062,100.71599045346062
hot_scan,289,ARC,5,251.4,251.4,251.4,251.4,251.4,251.4,100.0,100.0,100.0
hot_scan,289,LFU,5,251.4,251.4,251.4,251.4,251.4,251.4,100.0,100.0,100.0
hot_scan,289,LIRS,5,251.4,251.4,251.4,251.4,251.4,251.4,100.0,100.0,100.0
hot_scan,289,LRU,5,251.4,251.4,251.4,251.4,251.4,251.4,100.0,100.0,100.0
hot_scan,290,2Q,5,253.2,253.2,253.2,251.4,251.4,251.4,100.71599045346062,100.71599045346062,100.71599045346062
hot_scan,290,ARC,5,251.4,251.4,251.4,251.4,251.4,251.4,100.0,100.0,100.0
hot_scan,290,LFU,5,251.4,251.4,251.4,251.4,251.4,251.4,100.0,100.0,100.0
hot_scan,290,LIRS,5,251.4,251.4,251.4,251.4,251.4,251.4,100.0,100.0,100.0
hot_scan,290,LRU,5,251.4,251.4,251.4,251.4,251.4,251.4,100.0,100.0,100.0
hot_scan,291,2Q,5,253.2,253.2,253.2,251.4,251.4,251.4,100.71599045346062,100.71599045346062,100.71599045346062
hot_scan,291,ARC,5,251.4,251.4,251.4,251.4,251.4,251.4,100.0,100.0,100.0
hot_scan,291,LFU,5,251.4,251.4,251.4,251.4,251.4,251.4,100.0,100.0,100.0
hot_scan,291,LIRS,5,251.4,251.4,251.4,251.4,251.4,251.4,100.0,100.0,100.0
hot_scan,291,LRU,5,251.4,251.4,251.4,251.4,251.4,251.4,100.0,100.0,100.0
hot_scan,32,2Q,5,341.28,339.15,342.85,274.98,274.45,275.55,124.11049796610088,123.57442157041355,124.47717766866703
hot_scan,32,ARC,5,334.21999999999997,332.8,337.15,274.98,274.45,275.55,121.54316817939208,121.04018912529551,122.5109011627907
hot_scan,32,LFU,5,335.3,333.95,338.35,274.98,274.45,275.55,121.93590673602114,121.45844699036188,122.94694767441861
hot_scan,32,LIRS,5,333.21,331.2,337.15,274.98,274.45,275.55,121.17603915541352,120.45000907276356,122.5109011627907
hot_scan,32,LRU,5,379.40000000000003,377.0,381.75,274.98,274.45,275.55,137.97343195911517,137.3656403716524,138.7172965116279
hot_scan,35,2Q,5,284.88,284.55,285.45,257.25,257.0,257.5,110.74055824172596,110.5631067961165,110.8974358974359
hot_scan,35,ARC,5,273.36,272.9,274.3,257.25,257.0,257.5,106.2624082435485,106.05825242718447,106.56565656565657
hot_scan,35,LFU,5,272.99,272.0,274.35,257.25,257.0,257.5,106.11861164798738,105.63106796116504,106.58508158508158
hot_scan,35,LIRS,5,273.22,272.2,274.2,257.25,257.0,257.5,106.2080605245869,105.8732010890704,106.69260700389106
hot_scan,35,LRU,5,333.59999999999997,332.35,334.95,257.25,257.0,257.5,129.6792059033836,129.31906614785993,130.12820512820514
hot_scan,36,2Q,5,270.1,270.0,270.2,253.3,253.3,253.3,106.63245163837347,106.59297275957363,106.67193051717331
hot_scan,36,ARC,5,253.31,253.3,253.35,253.3,253.3,253.3,100.00394788787999,100.0,100.01973943939993
hot_scan,36,LFU,5,253.32,253.3,253.35,253.3,253.3,253.3,100.00789577575998,100.0,100.01973943939993
hot_scan,36,LIRS,5,253.3,253.3,253.3,253.3,253.3,253.3,100.0,100.0,100.0
hot_scan,36,LRU,5,320.83,320.7,320.95,253.3,253.3,253.3,126.66008685353336,126.60876431109357,126.70746150809317
hot_scan,37,2Q,5,270.1,270.0,270.2,251.4,251.4,251.4,107.43834526650755,107.39856801909308,107.47812251392203
hot_scan,37,ARC,5,251.4,251.4,251.4,251.4,251.4,251.4,100.0,100.0,100.0
hot_scan,37,LFU,5,251.4,251.4,251.4,251.4,251.4,251.4,100.0,100.0,100.0
hot_scan,37,LIRS,5,251.4,251.4,251.4,251.4,251.4,251.4,100.0,100.0,100.0
hot_scan,37,LRU,5,320.83,320.7,320.95,251.4,251.4,251.4,127.61734287987272,127.56563245823389,127.66507557677009
hot_scan,384,2Q,5,253.2,253.2,253.2,251.4,251.4,251.4,100.71599045346062,100.71599045346062,100.71599045346062
hot_scan,384,ARC,5,251.4,251.4,251.4,251.4,251.4,251.4,100.0,100.0,100.0
hot_scan,384,LFU,5,251.4,251.4,251.4,251.4,251.4,251.4,100.0,100.0,100.0
hot_scan,384,LIRS,5,251.4,251.4,251.4,251.4,251.4,251.4,100.0,100.0,100.0
hot_scan,384,LRU,5,251.4,251.4,251.4,251.4,251.4,251.4,100.0,100.0,100.0
hot_scan,4,2Q,5,915.68,913.0,918.25,758.59,756.75,760.5,120.70810973482247,120.51214361140444,120.93375477413407
hot_scan,4,ARC,5,916.16,915.15,918.15,758.59,756.75,760.5,120.77156551337383,120.61149182920401,120.93161546085233
hot_scan,4,LFU,5,915.94,914.3,919.6,758.59,756.75,760.5,120.74262300696273,120.36160420775805,121.1115501119452
hot_scan,4,LIRS,5,915.98,915.05,917.25,758.59,756.75,760.5,120.74791942766296,120.55840906097721,120.9184010571523
hot_scan,4,LRU,5,916.75,915.2,917.9,758.59,756.75,760.5,120.84945361514666,120.53911900065746,121.05332629355861
hot_scan,48,2Q,5,275.72,275.55,275.85,251.4,251.4,251.4,109.67382657120127,109.60620525059666,109.72553699284009
hot_scan,48,ARC,5,251.4,251.4,251.4,251.4,251.4,251.4,100.0,100.0,100.0
hot_scan,48,LFU,5,251.4,251.4,251.4,251.4,251.4,251.4,100.0,100.0,100.0
hot_scan,48,LIRS,5,251.4,251.4,251.4,251.4,251.4,251.4,100.0,100.0,100.0
hot_scan,48,LRU,5,320.83,320.7,320.95,251.4,251.4,251.4,127.61734287987272,127.56563245823389,127.66507557677009
hot_scan,512,2Q,5,253.2,253.2,253.2,251.4,251.4,251.4,100.71599045346062,100.71599045346062,100.71599045346062
hot_scan,512,ARC,5,251.4,251.4,251.4,251.4,251.4,251.4,100.0,100.0,100.0
hot_scan,512,LFU,5,251.4,251.4,251.4,251.4,251.4,251.4,100.0,100.0,100.0
hot_scan,512,LIRS,5,251.4,251.4,251.4,251.4,251.4,251.4,100.0,100.0,100.0
hot_scan,512,LRU,5,251.4,251.4,251.4,251.4,251.4,251.4,100.0,100.0,100.0
hot_scan,64,2Q,5,283.26,283.1,283.35,251.4,251.4,251.4,112.67303102625299,112.60938743038982,112.70883054892602
hot_scan,64,ARC,5,251.4,251.4,251.4,251.4,251.4,251.4,100.0,100.0,100.0
hot_scan,64,LFU,5,251.4,251.4,251.4,251.4,251.4,251.4,100.0,100.0,100.0
hot_scan,64,LIRS,5,251.4,251.4,251.4,251.4,251.4,251.4,100.0,100.0,100.0
hot_scan,64,LRU,5,320.83,320.7,320.95,251.4,251.4,251.4,127.61734287987272,127.56563245823389,127.66507557677009
hot_scan,72,2Q,5,287.01,286.8,287.15,251.4,251.4,251.4,114.16467780429595,114.08114558472553,114.22036595067621
hot_scan,72,ARC,5,251.4,251.4,251.4,251.4,251.4,251.4,100.0,100.0,100.0
hot_scan,72,LFU,5,251.4,251.4,251.4,251.4,251.4,251.4,100.0,100.0,100.0
hot_scan,72,LIRS,5,251.4,251.4,251.4,251.4,251.4,251.4,100.0,100.0,100.0
hot_scan,72,LRU,5,320.83,320.7,320.95,251.4,251.4,251.4,127.61734287987272,127.56563245823389,127.66507557677009
hot_scan,768,2Q,5,253.2,253.2,253.2,251.4,251.4,251.4,100.71599045346062,100.71599045346062,100.71599045346062
hot_scan,768,ARC,5,251.4,251.4,251.4,251.4,251.4,251.4,100.0,100.0,100.0
hot_scan,768,LFU,5,251.4,251.4,251.4,251.4,251.4,251.4,100.0,100.0,100.0
hot_scan,768,LIRS,5,251.4,251.4,251.4,251.4,251.4,251.4,100.0,100.0,100.0
hot_scan,768,LRU,5,251.4,251.4,251.4,251.4,251.4,251.4,100.0,100.0,100.0
hot_scan,8,2Q,5,833.8299999999999,830.55,837.8,617.56,616.15,619.3,135.0200027703635,134.56740116655865,135.28361600259677
hot_scan,8,ARC,5,833.9,829.95,836.7,617.56,616.15,619.3,135.03117826005806,134.69934269252616,135.37739665075642
hot_scan,8,LFU,5,832.76,830.0,839.25,617.56,616.15,619.3,134.84728838120182,134.0384304860326,135.78998462907532
hot_scan,8,LIRS,5,832.9599999999999,831.3,835.4,617.56,616.15,619.3,134.87926117683813,134.66548013914732,135.12637718729746
hot_scan,8,LRU,5,834.43,832.15,837.15,617.56,616.15,619.3,135.1171714356975,134.97002106627775,135.27219701879454
hot_scan,96,2Q,5,298.32,298.2,298.45,251.4,251.4,251.4,118.66348448687351,118.61575178997613,118.71519490851233
hot_scan,96,ARC,5,251.4,251.4,251.4,251.4,251.4,251.4,100.0,100.0,100.0
hot_scan,96,LFU,5,251.4,251.4,251.4,251.4,251.4,251.4,100.0,100.0,100.0
hot_scan,96,LIRS,5,251.4,251.4,251.4,251.4,251.4,251.4,100.0,100.0,100.0
hot_scan,96,LRU,5,320.83,320.7,320.95,251.4,251.4,251.4,127.61734287987272,127.56563245823389,127.66507557677009
navigation,1,ARC,5,1000.0,1000.0,1000.0,1000.0,1000.0,1000.0,100.0,100.0,100.0
navigation,1,LFU,5,1000.0,1000.0,1000.0,1000.0,1000.0,1000.0,100.0,100.0,100.0
navigation,1,LRU,5,1000.0,1000.0,1000.0,1000.0,1000.0,1000.0,100.0,100.0,100.0
navigation,1024,2Q,5,29.2,29.2,29.2,21.0,21.0,21.0,139.04761904761904,139.04761904761904,139.04761904761904
navigation,1024,ARC,5,21.0,21.0,21.0,21.0,21.0,21.0,100.0,100.0,100.0
navigation,1024,LFU,5,21.0,21.0,21.0,21.0,21.0,21.0,100.0,100.0,100.0
navigation,1024,LIRS,5,21.0,21.0,21.0,21.0,21.0,21.0,100.0,100.0,100.0
navigation,1024,LRU,5,21.0,21.0,21.0,21.0,21.0,21.0,100.0,100.0,100.0
navigation,1159,2Q,5,27.55,27.55,27.55,21.0,21.0,21.0,131.1904761904762,131.1904761904762,131.1904761904762
navigation,1159,ARC,5,21.0,21.0,21.0,21.0,21.0,21.0,100.0,100.0,100.0
navigation,1159,LFU,5,21.0,21.0,21.0,21.0,21.0,21.0,100.0,100.0,100.0
navigation,1159,LIRS,5,21.0,21.0,21.0,21.0,21.0,21.0,100.0,100.0,100.0
navigation,1159,LRU,5,21.0,21.0,21.0,21.0,21.0,21.0,100.0,100.0,100.0
navigation,1160,2Q,5,27.5,27.5,27.5,21.0,21.0,21.0,130.95238095238096,130.95238095238096,130.95238095238096
navigation,1160,ARC,5,21.0,21.0,21.0,21.0,21.0,21.0,100.0,100.0,100.0
navigation,1160,LFU,5,21.0,21.0,21.0,21.0,21.0,21.0,100.0,100.0,100.0
navigation,1160,LIRS,5,21.0,21.0,21.0,21.0,21.0,21.0,100.0,100.0,100.0
navigation,1160,LRU,5,21.0,21.0,21.0,21.0,21.0,21.0,100.0,100.0,100.0
navigation,1161,2Q,5,27.5,27.5,27.5,21.0,21.0,21.0,130.95238095238096,130.95238095238096,130.95238095238096
navigation,1161,ARC,5,21.0,21.0,21.0,21.0,21.0,21.0,100.0,100.0,100.0
navigation,1161,LFU,5,21.0,21.0,21.0,21.0,21.0,21.0,100.0,100.0,100.0
navigation,1161,LIRS,5,21.0,21.0,21.0,21.0,21.0,21.0,100.0,100.0,100.0
navigation,1161,LRU,5,21.0,21.0,21.0,21.0,21.0,21.0,100.0,100.0,100.0
navigation,144,2Q,5,355.0,355.0,355.0,210.0,210.0,210.0,169.04761904761904,169.04761904761904,169.04761904761904
navigation,144,ARC,5,273.2,273.2,273.2,210.0,210.0,210.0,130.0952380952381,130.0952380952381,130.0952380952381
navigation,144,LFU,5,381.0,381.0,381.0,210.0,210.0,210.0,181.42857142857142,181.42857142857142,181.42857142857142
navigation,144,LIRS,5,535.25,535.25,535.25,210.0,210.0,210.0,254.88095238095238,254.88095238095238,254.88095238095238
navigation,144,LRU,5,271.6,271.6,271.6,210.0,210.0,210.0,129.33333333333334,129.33333333333334,129.33333333333334
navigation,145,2Q,5,355.0,355.0,355.0,209.3,209.3,209.3,169.61299569995222,169.61299569995222,169.61299569995222
navigation,145,ARC,5,273.15,273.15,273.15,209.3,209.3,209.3,130.50645007166747,130.50645007166747,130.50645007166747
navigation,145,LFU,5,381.0,381.0,381.0,209.3,209.3,209.3,182.03535594839943,182.03535594839943,182.03535594839943
navigation,145,LIRS,5,535.2,535.2,535.2,209.3,209.3,209.3,255.70950788342094,255.70950788342094,255.70950788342094
navigation,145,LRU,5,271.6,271.6,271.6,209.3,209.3,209.3,129.76588628762542,129.76588628762542,129.76588628762542
navigation,146,2Q,5,355.0,355.0,355.0,208.6,208.6,208.6,170.18216682646212,170.18216682646212,170.18216682646212
navigation,146,ARC,5,273.15,273.15,273.15,208.6,208.6,208.6,130.9443911792905,130.9443911792905,130.9443911792905
navigation,146,LFU,5,381.0,381.0,381.0,208.6,208.6,208.6,182.64621284755512,182.64621284755512,182.64621284755512
navigation,146,LIRS,5,535.15,535.15,535.15,208.6,208.6,208.6,256.5436241610738,256.5436241610738,256.5436241610738
navigation,146,LRU,5,271.6,271.6,271.6,208.6,208.6,208.6,130.2013422818792,130.2013422818792,130.2013422818792
navigation,16,2Q,5,1000.0,1000.0,1000.0,479.6,479.6,479.6,208.5070892410342,208.5070892410342,208.5070892410342
navigation,16,ARC,5,567.3,567.3,567.3,479.6,479.6,479.6,118.28607172643869,118.28607172643869,118.28607172643869
navigation,16,LFU,5,718.8,718.8,718.8,479.6,479.6,479.6,149.87489574645537,149.87489574645537,149.87489574645537
navigation,16,LIRS,5,541.65,541.65,541.65,479.6,479.6,479.6,112.93786488740618,112.93786488740618,112.93786488740618
navigation,16,LRU,5,521.2,521.2,521.2,479.6,479.6,479.6,108.67389491242702,108.67389491242702,108.67389491242702
navigation,192,2Q,5,254.0,254.0,254.0,176.4,176.4,176.4,143.99092970521542,143.99092970521542,143.99092970521542
navigation,192,ARC,5,273.65,273.65,273.65,176.4,176.4,176.4,155.13038548752834,155.13038548752834,155.13038548752834
navigation,192,LFU,5,321.0,321.0,321.0,176.4,176.4,176.4,181.97278911564626,181.97278911564626,181.97278911564626
navigation,192,LIRS,5,532.85,532.85,532.85,176.4,176.4,176.4,302.0691609977324,302.0691609977324,302.0691609977324
navigation,192,LRU,5,271.6,271.6,271.6,176.4,176.4,176.4,153.96825396825398,153.96825396825398,153.96825396825398
navigation,2,2Q,5,1000.0,1000.0,1000.0,937.55,937.55,937.55,106.660978081169,106.660978081169,106.660978081169
navigation,2,ARC,5,1000.0,1000.0,1000.0,937.55,937.55,937.55,106.660978081169,106.660978081169,106.660978081169
navigation,2,LFU,5,1000.0,1000.0,1000.0,937.55,937.55,937.55,106.660978081169,106.660978081169,106.660978081169
navigation,2,LIRS,5,937.55,937.55,937.55,937.55,937.55,937.55,100.0,100.0,100.0
navigation,2,LRU,5,1000.0,1000.0,1000.0,937.55,937.55,937.55,106.660978081169,106.660978081169,106.660978081169
navigation,217,2Q,5,271.8,271.8,271.8,158.9,158.9,158.9,171.0509754562618,171.0509754562618,171.0509754562618
navigation,217,ARC,5,273.95,273.95,273.95,158.9,158.9,158.9,172.4040276903713,172.4040276903713,172.4040276903713
navigation,217,LFU,5,385.0,385.0,385.0,158.9,158.9,158.9,242.2907488986784,242.2907488986784,242.2907488986784
navigation,217,LIRS,5,531.65,531.65,531.65,158.9,158.9,158.9,334.5814977973568,334.5814977973568,334.5814977973568
navigation,217,LRU,5,271.6,271.6,271.6,158.9,158.9,158.9,170.92511013215858,170.92511013215858,170.92511013215858
navigation,24,2Q,5,542.4,542.4,542.4,438.0,438.0,438.0,123.83561643835617,123.83561643835617,123.83561643835617
navigation,24,ARC,5,521.75,521.75,521.75,438.0,438.0,438.0,119.12100456621005,119.12100456621005,119.12100456621005
navigation,24,LFU,5,656.8,656.8,656.8,438.0,438.0,438.0,149.9543378995434,149.9543378995434,149.9543378995434
navigation,24,LIRS,5,541.25,541.25,541.25,438.0,438.0,438.0,123.5730593607306,123.5730593607306,123.5730593607306
navigation,24,LRU,5,521.2,521.2,521.2,438.0,438.0,438.0,118.99543378995433,118.99543378995433,118.99543378995433
navigation,256,2Q,5,271.8,271.8,271.8,131.6,131.6,131.6,206.53495440729483,206.53495440729483,206.53495440729483
navigation,256,ARC,5,273.55,273.55,273.55,131.6,131.6,131.6,207.8647416413374,207.8647416413374,207.8647416413374
navigation,256,LFU,5,261.0,261.0,261.0,131.6,131.6,131.6,198.32826747720364,198.32826747720364,198.32826747720364
navigation,256,LIRS,5,529.7,529.7,529.7,131.6,131.6,131.6,402.50759878419456,402.50759878419456,402.50759878419456
navigation,256,LRU,5,271.6,271.6,271.6,131.6,131.6,131.6,206.38297872340425,206.38297872340425,206.38297872340425
navigation,289,2Q,5,271.8,271.8,271.8,108.5,108.5,108.5,250.50691244239633,250.50691244239633,250.50691244239633
navigation,289,ARC,5,273.45,273.45,273.45,108.5,108.5,108.5,252.02764976958525,252.02764976958525,252.02764976958525
navigation,289,LFU,5,201.0,201.0,201.0,108.5,108.5,108.5,185.25345622119815,185.25345622119815,185.25345622119815
navigation,289,LIRS,5,528.05,528.05,528.05,108.5,108.5,108.5,486.68202764976957,486.68202764976957,486.68202764976957
navigation,289,LRU,5,271.6,271.6,271.6,108.5,108.5,108.5,250.32258064516128,250.32258064516128,250.32258064516128
navigation,290,2Q,5,271.8,271.8,271.8,107.8,107.8,107.8,252.13358070500928,252.13358070500928,252.13358070500928
navigation,290,ARC,5,273.45,273.45,273.45,107.8,107.8,107.8,253.66419294990723,253.66419294990723,253.66419294990723
navigation,290,LFU,5,201.0,201.0,201.0,107.8,107.8,107.8,186.45640074211502,186.45640074211502,186.45640074211502
navigation,290,LIRS,5,528.0,528.0,528.0,107.8,107.8,107.8,489.7959183673469,489.7959183673469,489.7959183673469
navigation,290,LRU,5,271.6,271.6,271.6,107.8,107.8,107.8,251.94805194805195,251.94805194805195,251.94805194805195
navigation,291,2Q,5,271.8,271.8,271.8,107.1,107.1,107.1,253.78151260504202,253.78151260504202,253.78151260504202
navigation,291,ARC,5,273.4,273.4,273.4,107.1,107.1,107.1,255.27544351073763,255.27544351073763,255.27544351073763
navigation,291,LFU,5,201.0,201.0,201.0,107.1,107.1,107.1,187.6750700280112,187.6750700280112,187.6750700280112
navigation,291,LIRS,5,527.95,527.95,527.95,107.1,107.1,107.1,492.95051353874885,492.95051353874885,492.95051353874885
navigation,291,LRU,5,271.6,271.6,271.6,107.1,107.1,107.1,253.59477124183007,253.59477124183007,253.59477124183007
navigation,32,2Q,5,542.4,542.4,542.4,396.4,396.4,396.4,136.83148335015136,136.83148335015136,136.83148335015136
navigation,32,ARC,5,521.75,521.75,521.75,396.4,396.4,396.4,131.62209889001008,131.62209889001008,131.62209889001008
navigation,32,LFU,5,594.8,594.8,594.8,396.4,396.4,396.4,150.05045408678103,150.05045408678103,150.05045408678103
navigation,32,LIRS,5,540.85,540.85,540.85,396.4,396.4,396.4,136.4404641775984,136.4404641775984,136.4404641775984
navigation,32,LRU,5,521.2,521.2,521.2,396.4,396.4,396.4,131.48335015136226,131.48335015136226,131.48335015136226
navigation,35,2Q,5,542.4,542.4,542.4,380.8,380.8,380.8,142.43697478991598,142.43697478991598,142.43697478991598
navigation,35,ARC,5,521.85,521.85,521.85,380.8,380.8,380.8,137.04044117647058,137.04044117647058,137.04044117647058
navigation,35,LFU,5,594.8,594.8,594.8,380.8,380.8,380.8,156.19747899159663,156.19747899159663,156.19747899159663
navigation,35,LIRS,5,540.7,540.7,540.7,380.8,380.8,380.8,141.9905462184874,141.9905462184874,141.9905462184874
navigation,35,LRU,5,521.2,521.2,521.2,380.8,380.8,380.8,136.86974789915968,136.86974789915968,136.86974789915968
navigation,36,2Q,5,542.35,542.35,542.35,375.6,375.6,375.6,144.39563365282214,144.39563365282214,144.39563365282214
navigation,36,ARC,5,507.35,507.35,507.35,375.6,375.6,375.6,135.07720979765708,135.07720979765708,135.07720979765708
navigation,36,LFU,5,563.8,563.8,563.8,375.6,375.6,375.6,150.10649627263047,150.10649627263047,150.10649627263047
navigation,36,LIRS,5,540.65,540.65,540.65,375.6,375.6,375.6,143.94302449414272,143.94302449414272,143.94302449414272
navigation,36,LRU,5,521.2,521.2,521.2,375.6,375.6,375.6,138.7646432374867,138.7646432374867,138.7646432374867
navigation,37,2Q,5,542.35,542.35,542.35,370.4,370.4,370.4,146.42278617710582,146.42278617710582,146.42278617710582
navigation,37,ARC,5,502.6,502.6,502.6,370.4,370.4,370.4,135.69114470842334,135.69114470842334,135.69114470842334
navigation,37,LFU,5,563.8,563.8,563.8,370.4,370.4,370.4,152.21382289416846,152.21382289416846,152.21382289416846
navigation,37,LIRS,5,540.6,540.6,540.6,370.4,370.4,370.4,145.95032397408207,145.95032397408207,145.95032397408207
navigation,37,LRU,5,521.2,521.2,521.2,370.4,370.4,370.4,140.71274298056156,140.71274298056156,140.71274298056156
navigation,384,2Q,5,271.8,271.8,271.8,44.4,44.4,44.4,612.1621621621622,612.1621621621622,612.1621621621622
navigation,384,ARC,5,254.3,254.3,254.3,44.4,44.4,44.4,572.7477477477478,572.7477477477478,572.7477477477478
navigation,384,LFU,5,81.0,81.0,81.0,44.4,44.4,44.4,182.43243243243242,182.43243243243242,182.43243243243242
navigation,384,LIRS,5,398.15,398.15,398.15,44.4,44.4,44.4,896.7342342342342,896.7342342342342,896.7342342342342
navigation,384,LRU,5,252.2,252.2,252.2,44.4,44.4,44.4,568.018018018018,568.018018018018,568.018018018018
navigation,4,2Q,5,1000.0,1000.0,1000.0,812.65,812.65,812.65,123.05420537746878,123.05420537746878,123.05420537746878
navigation,4,ARC,5,1000.0,1000.0,1000.0,812.65,812.65,812.65,123.05420537746878,123.05420537746878,123.05420537746878
navigation,4,LFU,5,1000.0,1000.0,1000.0,812.65,812.65,812.65,123.05420537746878,123.05420537746878,123.05420537746878
navigation,4,LIRS,5,812.65,812.65,812.65,812.65,812.65,812.65,100.0,100.0,100.0
navigation,4,LRU,5,1000.0,1000.0,1000.0,812.65,812.65,812.65,123.05420537746878,123.05420537746878,123.05420537746878
navigation,48,2Q,5,503.6,503.6,503.6,313.2,313.2,313.2,160.7918263090677,160.7918263090677,160.7918263090677
navigation,48,ARC,5,401.45,401.45,401.45,313.2,313.2,313.2,128.17688378033205,128.17688378033205,128.17688378033205
navigation,48,LFU,5,501.8,501.8,501.8,313.2,313.2,313.2,160.21711366538952,160.21711366538952,160.21711366538952
navigation,48,LIRS,5,540.05,540.05,540.05,313.2,313.2,313.2,172.42975734355045,172.42975734355045,172.42975734355045
navigation,48,LRU,5,521.2,521.2,521.2,313.2,313.2,313.2,166.41123882503192,166.41123882503192,166.41123882503192
navigation,512,2Q,5,271.8,271.8,271.8,21.0,21.0,21.0,1294.2857142857142,1294.2857142857142,1294.2857142857142
navigation,512,ARC,5,21.0,21.0,21.0,21.0,21.0,21.0,100.0,100.0,100.0
navigation,512,LFU,5,21.0,21.0,21.0,21.0,21.0,21.0,100.0,100.0,100.0
navigation,512,LIRS,5,21.0,21.0,21.0,21.0,21.0,21.0,100.0,100.0,100.0
navigation,512,LRU,5,21.0,21.0,21.0,21.0,21.0,21.0,100.0,100.0,100.0
navigation,64,2Q,5,459.0,459.0,459.0,266.0,266.0,266.0,172.5563909774436,172.5563909774436,172.5563909774436
navigation,64,ARC,5,273.95,273.95,273.95,266.0,266.0,266.0,102.98872180451127,102.98872180451127,102.98872180451127
navigation,64,LFU,5,658.0,658.0,658.0,266.0,266.0,266.0,247.3684210526316,247.3684210526316,247.3684210526316
navigation,64,LIRS,5,539.25,539.25,539.25,266.0,266.0,266.0,202.72556390977442,202.72556390977442,202.72556390977442
navigation,64,LRU,5,271.6,271.6,271.6,266.0,266.0,266.0,102.10526315789474,102.10526315789474,102.10526315789474
navigation,72,2Q,5,448.6,448.6,448.6,260.4,260.4,260.4,172.27342549923196,172.27342549923196,172.27342549923196
navigation,72,ARC,5,273.7,273.7,273.7,260.4,260.4,260.4,105.10752688172043,105.10752688172043,105.10752688172043
navigation,72,LFU,5,596.0,596.0,596.0,260.4,260.4,260.4,228.87864823348696,228.87864823348696,228.87864823348696
navigation,72,LIRS,5,538.85,538.85,538.85,260.4,260.4,260.4,206.931643625192,206.931643625192,206.931643625192
navigation,72,LRU,5,271.6,271.6,271.6,260.4,260.4,260.4,104.3010752688172,104.3010752688172,104.3010752688172
navigation,768,2Q,5,32.4,32.4,32.4,21.0,21.0,21.0,154.28571428571428,154.28571428571428,154.28571428571428
navigation,768,ARC,5,21.0,21.0,21.0,21.0,21.0,21.0,100.0,100.0,100.0
navigation,768,LFU,5,21.0,21.0,21.0,21.0,21.0,21.0,100.0,100.0,100.0
navigation,768,LIRS,5,21.0,21.0,21.0,21.0,21.0,21.0,100.0,100.0,100.0
navigation,768,LRU,5,21.0,21.0,21.0,21.0,21.0,21.0,100.0,100.0,100.0
navigation,8,2Q,5,1000.0,1000.0,1000.0,578.45,578.45,578.45,172.87578874578614,172.87578874578614,172.87578874578614
navigation,8,ARC,5,1000.0,1000.0,1000.0,578.45,578.45,578.45,172.87578874578614,172.87578874578614,172.87578874578614
navigation,8,LFU,5,1000.0,1000.0,1000.0,578.45,578.45,578.45,172.87578874578614,172.87578874578614,172.87578874578614
navigation,8,LIRS,5,594.05,594.05,594.05,578.45,578.45,578.45,102.69686230443426,102.69686230443426,102.69686230443426
navigation,8,LRU,5,1000.0,1000.0,1000.0,578.45,578.45,578.45,172.87578874578614,172.87578874578614,172.87578874578614
navigation,96,2Q,5,417.4,417.4,417.4,243.6,243.6,243.6,171.34646962233168,171.34646962233168,171.34646962233168
navigation,96,ARC,5,273.1,273.1,273.1,243.6,243.6,243.6,112.11001642036125,112.11001642036125,112.11001642036125
navigation,96,LFU,5,441.0,441.0,441.0,243.6,243.6,243.6,181.0344827586207,181.0344827586207,181.0344827586207
navigation,96,LIRS,5,537.65,537.65,537.65,243.6,243.6,243.6,220.71018062397374,220.71018062397374,220.71018062397374
navigation,96,LRU,5,271.6,271.6,271.6,243.6,243.6,243.6,111.49425287356321,111.49425287356321,111.49425287356321
phase_change,1,ARC,5,977.59,975.35,979.15,977.59,975.35,979.15,100.0,100.0,100.0
phase_change,1,LFU,5,977.59,975.35,979.15,977.59,975.35,979.15,100.0,100.0,100.0
phase_change,1,LRU,5,977.59,975.35,979.15,977.59,975.35,979.15,100.0,100.0,100.0
phase_change,1024,2Q,5,81.76,80.75,83.2,54.83,54.4,55.7,149.11402624014534,147.80621572212067,150.63868613138686
phase_change,1024,ARC,5,55.25,54.95,56.1,54.83,54.4,55.7,100.76637632880123,100.45703839122486,101.01102941176471
phase_change,1024,LFU,5,55.25,54.95,56.1,54.83,54.4,55.7,100.76637632880123,100.45703839122486,101.01102941176471
phase_change,1024,LIRS,5,55.34,54.8,56.7,54.83,54.4,55.7,100.92685329691923,100.27422303473492,101.79533213644524
phase_change,1024,LRU,5,55.26,54.85,56.05,54.83,54.4,55.7,100.78498681462742,100.27422303473492,101.18613138686132
phase_change,1159,2Q,5,80.45,79.3,82.1,54.83,54.4,55.7,146.72295170546047,145.37121906507792,147.992700729927
phase_change,1159,ARC,5,54.83,54.4,55.7,54.83,54.4,55.7,100.0,100.0,100.0
phase_change,1159,LFU,5,54.83,54.4,55.7,54.83,54.4,55.7,100.0,100.0,100.0
phase_change,1159,LIRS,5,54.83,54.4,55.7,54.83,54.4,55.7,100.0,100.0,100.0
phase_change,1159,LRU,5,54.83,54.4,55.7,54.83,54.4,55.7,100.0,100.0,100.0
phase_change,1160,2Q,5,80.42,79.2,82.1,54.83,54.4,55.7,146.66803991891229,145.18790100824933,147.9014598540146
phase_change,1160,ARC,5,54.83,54.4,55.7,54.83,54.4,55.7,100.0,100.0,100.0
phase_change,1160,LFU,5,54.83,54.4,55.7,54.83,54.4,55.7,100.0,100.0,100.0
phase_change,1160,LIRS,5,54.83,54.4,55.7,54.83,54.4,55.7,100.0,100.0,100.0
phase_change,1160,LRU,5,54.83,54.4,55.7,54.83,54.4,55.7,100.0,100.0,100.0
phase_change,1161,2Q,5,80.42,79.2,82.1,54.83,54.4,55.7,146.66803991891229,145.18790100824933,147.9014598540146
phase_change,1161,ARC,5,54.83,54.4,55.7,54.83,54.4,55.7,100.0,100.0,100.0
phase_change,1161,LFU,5,54.83,54.4,55.7,54.83,54.4,55.7,100.0,100.0,100.0
phase_change,1161,LIRS,5,54.83,54.4,55.7,54.83,54.4,55.7,100.0,100.0,100.0
phase_change,1161,LRU,5,54.83,54.4,55.7,54.83,54.4,55.7,100.0,100.0,100.0
phase_change,144,2Q,5,131.72,129.7,132.65,84.42999999999999,83.35,85.05,156.01052009399473,155.60887822435512,156.59373151981077
phase_change,144,ARC,5,111.28,109.65,112.25,84.42999999999999,83.35,85.05,131.8013945496662,131.09935332157553,132.58426966292134
phase_change,144,LFU,5,150.2,138.0,162.7,84.42999999999999,83.35,85.05,177.86900823520452,163.21703134240096,191.29923574368019
phase_change,144,LIRS,5,128.3,127.0,129.25,84.42999999999999,83.35,85.05,151.96346731070673,150.91122868900646,152.8817587641117
phase_change,144,LRU,5,110.36,108.8,111.05,84.42999999999999,83.35,85.05,130.71268816230676,130.0411522633745,131.28326434062686
phase_change,145,2Q,5,131.72,129.7,132.65,84.29,83.2,84.95,156.26980768312728,155.88928150765608,156.87203791469193
phase_change,145,ARC,5,111.19,109.55,112.1,84.29,83.2,84.95,131.91382792734376,131.1542991755006,132.81990521327015
phase_change,145,LFU,5,145.38,134.45,155.05,84.29,83.2,84.95,172.44797588910663,159.3009478672986,182.6266195524146
phase_change,145,LIRS,5,128.3,127.0,129.25,84.29,83.2,84.95,152.2161543519038,151.0888758092996,153.1547619047619
phase_change,145,LRU,5,110.27,108.7,111.0,84.29,83.2,84.95,130.82312865309072,130.15312131919904,131.3388625592417
phase_change,146,2Q,5,131.7,129.7,132.6,84.14999999999999,83.05,84.85,156.50626546830912,156.16519174041298,157.1513353115727
phase_change,146,ARC,5,111.12,109.45,112.05,84.14999999999999,83.05,84.85,132.04990261870114,131.44542772861357,132.87833827893175
phase_change,146,LFU,5,143.57,131.25,152.1,84.14999999999999,83.05,84.85,170.5878213801154,155.78635014836794,179.46902654867256
phase_change,146,LIRS,5,128.24,126.9,129.2,84.14999999999999,83.05,84.85,152.39815480795434,151.26694166175605,153.3691115086464
phase_change,146,LRU,5,110.23,108.7,110.9,84.14999999999999,83.05,84.85,130.99377161973732,130.26548672566372,131.57270029673592
phase_change,16,2Q,5,628.2,624.55,633.85,350.62,348.0,352.8,179.16866293739918,178.64353760841746,179.6626984126984
phase_change,16,ARC,5,630.34,627.75,634.15,350.62,348.0,352.8,179.78013194047105,178.8710365420162,180.38793103448276
phase_change,16,LFU,5,864.63,861.8,869.9,350.62,348.0,352.8,246.6036070845831,244.84126984126985,247.64367816091954
phase_change,16,LIRS,5,610.38,606.3,613.4,350.62,348.0,352.8,174.08790924622085,173.27097505668934,175.07183908045977
phase_change,16,LRU,5,651.8,643.9,660.45,350.62,348.0,352.8,185.89688419203657,184.64382198208446,187.20238095238096
phase_change,192,2Q,5,129.95000000000002,128.05,130.95,79.27,77.9,80.25,163.93677334360063,163.1152647975078,164.37740693196406
phase_change,192,ARC,5,108.63,106.6,109.95,79.27,77.9,80.25,137.03973966693724,136.26168224299064,138.30188679245282
phase_change,192,LFU,5,102.01,100.35,103.0,79.27,77.9,80.25,128.6883032070744,128.34890965732086,128.87903736542114
phase_change,192,LIRS,5,125.92,124.8,126.5,79.27,77.9,80.25,158.86027959141467,156.8847352024922,160.2053915275995
phase_change,192,LRU,5,107.3,105.8,108.55,79.27,77.9,80.25,135.361796913841,134.79623824451411,136.1006289308176
phase_change,2,2Q,5,953.53,950.2,955.25,855.46,852.6,858.45,111.46432385227492,111.1363503989749,111.70554873414021
phase_change,2,ARC,5,953.3000000000001,950.45,955.1,855.46,852.6,858.45,111.43730399081471,111.25866387093016,111.54476301930954
phase_change,2,LFU,5,969.82,967.05,971.2,855.46,852.6,858.45,113.36850508249186,113.11666375444115,113.59859566998244
phase_change,2,LIRS,5,952.1,950.05,953.5,855.46,852.6,858.45,111.29714162200614,111.07228143747452,111.4569923932124
phase_change,2,LRU,5,955.34,951.95,959.6,855.46,852.6,858.45,111.67555488290975,111.51646042493579,111.78286446502418
phase_change,217,2Q,5,128.28,126.95,129.4,76.77,75.4,77.75,167.10279592590175,166.23376623376623,168.368700265252
phase_change,217,ARC,5,106.81,104.9,107.9,76.77,75.4,77.75,139.13265571359935,138.2636655948553,140.12987012987014
phase_change,217,LFU,5,99.95,98.35,101.2,76.77,75.4,77.75,130.19597678742576,129.70873786407768,130.54283845650752
phase_change,217,LIRS,5,123.26,122.05,124.05,76.77,75.4,77.75,160.56607721651594,158.90675241157555,161.87002652519894
phase_change,217,LRU,5,105.98,104.5,107.3,76.77,75.4,77.75,138.05088081785323,137.2168284789644,138.8961038961039
phase_change,24,2Q,5,459.8,457.85,461.9,228.61,227.05,229.6,201.1304726602,199.93466898954705,201.87937062937064
phase_change,24,ARC,5,434.97,432.65,437.3,228.61,227.05,229.6,190.26774794440684,189.5979020979021,190.55274168685312
phase_change,24,LFU,5,806.71,803.95,810.2,228.61,227.05,229.6,352.87958614051394,351.37674825174827,354.4373486016296
phase_change,24,LIRS,5,418.88,415.8,420.8,228.61,227.05,229.6,183.2326378500435,181.73076923076923,184.69500110107904
phase_change,24,LRU,5,489.2,484.8,493.9,228.61,227.05,229.6,213.98786075246127,213.00262237762237,215.30078465562337
phase_change,256,2Q,5,121.92999999999999,117.1,125.05,72.86999999999999,71.5,73.85,167.3374045919667,160.19151846785226,172.36388697450033
phase_change,256,ARC,5,104.5,103.0,106.1,72.86999999999999,71.5,73.85,143.40795682285386,142.67211997273347,144.05594405594405
phase_change,256,LFU,5,96.92,95.65,98.6,72.86999999999999,71.5,73.85,133.00583580253982,131.6689466484268,133.7762237762238
phase_change,256,LIRS,5,119.58,118.4,120.9,72.86999999999999,71.5,73.85,164.11147382547097,162.28842247799594,165.5944055944056
phase_change,256,LRU,5,103.17,101.75,104.3,72.86999999999999,71.5,73.85,141.58506448859603,140.83162917518746,142.30769230769232
phase_change,289,2Q,5,114.8,110.35,118.9,69.57,68.2,70.55,165.04301080240316,158.09455587392551,171.69675090252707
phase_change,289,ARC,5,103.62,102.3,105.3,69.57,68.2,70.55,148.94951773573877,147.0378301213419,150.0
phase_change,289,LFU,5,94.4,93.2,95.85,69.57,68.2,70.55,135.69409157581322,134.6704871060172,136.65689149560117
phase_change,289,LIRS,5,115.19,113.7,117.2,69.57,68.2,70.55,165.59952749330162,161.16229624379872,169.24187725631768
phase_change,289,LRU,5,101.01,99.2,102.0,69.57,68.2,70.55,145.19364837939818,144.57831325301206,145.84527220630372
phase_change,290,2Q,5,114.73,110.25,119.05,69.47,68.1,70.45,165.17622014845037,158.17790530846486,172.16196673897323
phase_change,290,ARC,5,103.61999999999999,102.2,105.35,69.47,68.1,70.45,149.16303429363725,147.39099356683346,150.0734214390602
phase_change,290,LFU,5,94.37,93.15,95.8,69.47,68.1,70.45,135.84627583334998,134.86370157819226,136.784140969163
phase_change,290,LIRS,5,114.86,113.3,117.15,69.47,68.1,70.45,165.3638261789507,160.82327892122072,169.41431670281995
phase_change,290,LRU,5,100.98,99.2,101.95,69.47,68.1,70.45,145.35956386661374,144.7125621007807,146.0545193687231
phase_change,291,2Q,5,114.16,109.75,118.45,69.36999999999999,68.0,70.35,164.59318579303678,157.6867816091954,171.54236060825488
phase_change,291,ARC,5,103.72,102.1,105.25,69.36999999999999,68.0,70.35,149.52273794929525,147.8167501789549,150.61549601737872
phase_change,291,LFU,5,94.27,93.0,95.7,69.36999999999999,68.0,70.35,135.8977383301225,134.91379310344828,136.76470588235293
phase_change,291,LIRS,5,114.69,112.85,117.1,69.36999999999999,68.0,70.35,165.3580375570653,160.41222459132908,169.58725561187546
phase_change,291,LRU,5,100.94,99.15,101.85,69.36999999999999,68.0,70.35,145.51168565999214,144.77611940298507,146.26436781609195
phase_change,32,2Q,5,315.82,313.7,317.7,149.2,147.75,149.75,211.67677601006582,210.7130900569133,212.3181049069374
phase_change,32,ARC,5,248.4,246.95,249.85,149.2,147.75,149.75,166.4923962734584,164.90818030050085,168.0203045685279
phase_change,32,LFU,5,748.35,746.3,749.95,149.2,147.75,149.75,501.58566815482095,498.36393989983304,505.5160744500846
phase_change,32,LIRS,5,236.64000000000001,234.05,239.55,149.2,147.75,149.75,158.6063113593601,157.0617696160267,160.39504519584867
phase_change,32,LRU,5,339.84,337.15,342.2,149.2,147.75,149.75,227.77688180685917,225.74489454301974,228.8663282571912
phase_change,35,2Q,5,262.64,260.7,263.8,128.37,126.85,129.0,204.598493268809,203.46438302841574,205.51832873472605
phase_change,35,ARC,5,183.51,182.15,184.2,128.37,126.85,129.0,142.95916209980825,141.80615025301674,144.8955459203784
phase_change,35,LFU,5,728.15,726.35,729.5,128.37,126.85,129.0,567.2456983628363,563.2803412175261,572.684272763106
phase_change,35,LIRS,5,174.11,173.05,175.05,128.37,126.85,129.0,135.63431076483917,134.39317564947655,136.42096964919196
phase_change,35,LRU,5,290.65000000000003,289.35,292.35,128.37,126.85,129.0,226.4211743247178,224.68992248062017,228.1040599132834
phase_change,36,2Q,5,254.56,253.3,256.35,122.67,121.15,123.3,207.52145972708036,205.75831305758314,209.0796533223277
phase_change,36,ARC,5,162.66,161.8,163.6,122.67,121.15,123.3,132.60274877587074,131.87347931873478,133.55344614114733
phase_change,36,LFU,5,722.0699999999999,719.75,723.9,122.67,121.15,123.3,588.6457335032121,585.1340373679935,594.098225340487
phase_change,36,LIRS,5,155.07,153.5,156.85,122.67,121.15,123.3,126.41369245471286,125.75142160844841,127.62408462164362
phase_change,36,LRU,5,275.04,273.6,277.6,122.67,121.15,123.3,224.2167975819049,222.22222222222223,225.8357408171688
phase_change,37,2Q,5,239.29999999999998,237.95,241.7,117.84,116.35,118.55,203.07820877409674,200.71699704765922,204.5122475290073
phase_change,37,ARC,5,144.84,144.3,146.35,117.84,116.35,118.55,122.91665775239075,121.72079291438212,124.15126772668673
phase_change,37,LFU,5,716.48,714.15,718.5,117.84,116.35,118.55,608.0312792702939,604.8924504428511,613.7945853029652
phase_change,37,LIRS,5,138.9,137.2,140.45,117.84,116.35,118.55,117.87277907993136,116.7018135807676,118.7737843551797
phase_change,37,LRU,5,260.15,258.05,262.45,117.84,116.35,118.55,220.76935993510847,219.65415436524674,222.0389170896785
phase_change,384,2Q,5,99.89999999999999,98.6,101.8,62.4,61.65,63.3,160.11555096234474,157.66192733017377,165.1257096512571
phase_change,384,ARC,5,94.8,93.2,96.3,62.4,61.65,63.3,151.93851805893175,147.23538704581358,154.17680454176804
phase_change,384,LFU,5,87.17,86.15,88.05,62.4,61.65,63.3,139.70078182385274,139.0995260663507,141.3625304136253
phase_change,384,LIRS,5,90.84,90.15,91.65,62.4,61.65,63.3,145.59476442972732,142.4170616113744,148.661800486618
phase_change,384,LRU,5,95.32,93.9,96.25,62.4,61.65,63.3,152.76011525834565,151.6962843295638,154.17680454176804
phase_change,4,2Q,5,905.25,902.3,907.6,715.61,712.2,719.7,126.50124861064977,125.9830484924274,126.74207512917191
phase_change,4,ARC,5,906.63,903.1,909.2,715.61,712.2,719.7,126.69401248874831,126.33041545088231,127.16265397536394
phase_change,4,LFU,5,954.14,951.35,956.4,715.61,712.2,719.7,133.33357204877385,132.59691538140893,133.69960806270996
phase_change,4,LIRS,5,903.53,899.3,906.65,715.61,712.2,719.7,126.26054733978802,125.9761011532583,126.6097424412094
phase_change,4,LRU,5,910.86,906.15,913.5,715.61,712.2,719.7,127.28487137768377,126.92788661942475,127.57558790593505
phase_change,48,2Q,5,139.06,137.75,140.3,106.78,105.35,107.55,130.2316493468665,129.6141329614133,130.87686567164178
phase_change,48,ARC,5,126.34,125.4,127.1,106.78,105.35,107.55,118.32176242235845,117.38726173872617,119.03179876601804
phase_change,48,LFU,5,635.51,629.75,640.35,106.78,105.35,107.55,595.1790280228349,587.2617387261739,598.964705882353
phase_change,48,LIRS,5,133.36,132.1,133.8,106.78,105.35,107.55,124.89602662652851,124.36076243607624,125.6470588235294
phase_change,48,LRU,5,147.74,143.95,149.75,106.78,105.35,107.55,138.35319689786127,136.63977218794494,139.2375639237564
phase_change,512,2Q,5,92.39,91.2,93.75,56.0,55.25,56.9,164.9871447343917,163.79613356766257,167.11229946524065
phase_change,512,ARC,5,81.32000000000001,79.95,82.65,56.0,55.25,56.9,145.21620578163947,144.02460456942003,146.93333333333334
phase_change,512,LFU,5,78.0,76.6,79.35,56.0,55.25,56.9,139.28562132261501,138.48888888888888,140.18018018018017
phase_change,512,LIRS,5,79.78,79.4,80.1,56.0,55.25,56.9,142.47756756441962,140.33391915641477,143.87387387387386
phase_change,512,LRU,5,87.92999999999999,86.85,89.35,56.0,55.25,56.9,157.019554058421,155.73333333333332,158.11051693404636
phase_change,64,2Q,5,134.7,133.05,135.65,100.01,98.65,100.85,134.68839534097086,134.16087388282025,135.140562248996
phase_change,64,ARC,5,118.84,117.45,119.8,100.01,98.65,100.85,118.83039352551577,118.02383316782522,119.42771084337349
phase_change,64,LFU,5,518.88,512.8,522.8,100.01,98.65,100.85,518.8426696620056,512.5124131082423,522.8413654618474
phase_change,64,LIRS,5,132.92,131.65,133.5,100.01,98.65,100.85,132.91037170005927,132.17649975210708,133.48393574297188
phase_change,64,LRU,5,117.22,115.8,118.45,100.01,98.65,100.85,117.20921085026924,116.63356504468719,117.45166088249876
phase_change,72,2Q,5,134.5,132.85,135.45,97.53,96.25,98.35,137.90903109574032,137.33468972533063,138.7512899896801
phase_change,72,ARC,5,117.84,116.35,118.65,97.53,96.25,98.35,120.82795640734867,119.98982706002035,122.08462332301342
phase_change,72,LFU,5,464.71,458.0,475.0,97.53,96.25,98.35,476.4822610163963,468.81993896236014,482.9689883070666
phase_change,72,LIRS,5,132.75,131.4,133.45,97.53,96.25,98.35,136.11649459400104,135.1804778851042,137.1001031991744
phase_change,72,LRU,5,115.67,114.05,116.75,97.53,96.25,98.35,118.60125074857358,118.0061037639878,119.50464396284829
phase_change,768,2Q,5,85.81,84.7,87.75,54.83,54.4,55.7,156.49837657544694,154.56204379562044,157.54039497307002
phase_change,768,ARC,5,63.31,62.25,64.5,54.83,54.4,55.7,115.46411977680657,114.11549037580201,115.96715328467154
phase_change,768,LFU,5,63.34,62.25,64.95,54.83,54.4,55.7,115.51600898340739,114.11549037580201,116.6068222621185
phase_change,768,LIRS,5,63.63,62.9,65.6,54.83,54.4,55.7,116.04296203935287,114.87226277372262,117.7737881508079
phase_change,768,LRU,5,63.43,61.9,65.2,54.83,54.4,55.7,115.67821697381608,113.47387717690192,117.0556552962298
phase_change,8,2Q,5,810.48,808.15,814.15,547.51,544.3,551.85,148.0318082036551,147.5310319833288,148.7690611794966
phase_change,8,ARC,5,815.1,811.3,819.15,547.51,544.3,551.85,148.87526184558814,148.43707529219895,149.57429277670968
phase_change,8,LFU,5,923.99,921.4,926.35,547.51,544.3,551.85,168.76504114950902,167.4368034792063,169.28164615101966
phase_change,8,LIRS,5,805.0500000000001,800.1,809.95,547.51,544.3,551.85,147.0385136681219,146.4982147761604,147.55774673605404
phase_change,8,LRU,5,822.4200000000001,815.95,827.5,547.51,544.3,551.85,150.21140882071776,149.69868517165816,151.0024718483933
phase_change,96,2Q,5,133.84,132.05,134.9,92.03,91.05,92.75,145.43134708877687,145.03020318506316,146.28415300546447
phase_change,96,ARC,5,114.98,113.55,115.65,92.03,91.05,92.75,124.93798606408909,124.63611859838275,125.40983606557377
phase_change,96,LFU,5,348.75,341.8,354.7,92.03,91.05,92.75,378.95509978626797,375.3981328940143,384.08229561451003
phase_change,96,LIRS,5,131.35999999999999,130.25,131.95,92.03,91.05,92.75,142.74000683140167,141.72506738544473,143.82513661202185
phase_change,96,LRU,5,113.69,112.15,114.7,92.03,91.05,92.75,123.53522521622286,123.17271250676774,123.87978142076503
popular,1,ARC,5,972.1,969.95,974.75,972.1,969.95,974.75,100.0,100.0,100.0
popular,1,LFU,5,972.1,969.95,974.75,972.1,969.95,974.75,100.0,100.0,100.0
popular,1,LRU,5,972.1,969.95,974.75,972.1,969.95,974.75,100.0,100.0,100.0
popular,1024,2Q,5,97.5,96.7,98.8,56.58,56.3,56.85,172.32069941187453,171.6180371352785,173.79067722075638
popular,1024,ARC,5,62.08,60.85,63.3,56.58,56.3,56.85,109.71769864581697,108.08170515097692,111.34564643799472
popular,1024,LFU,5,61.79,60.55,63.1,56.58,56.3,56.85,109.2050911989945,107.54884547069271,110.9938434476693
popular,1024,LIRS,5,61.88,61.0,62.95,56.58,56.3,56.85,109.36521734064918,108.06023029229407,110.72999120492524
popular,1024,LRU,5,62.16,61.1,63.8,56.58,56.3,56.85,109.85856317419469,108.52575488454707,112.22515391380827
popular,1159,2Q,5,95.48,94.9,96.1,56.58,56.3,56.85,168.7520916531294,168.4581497797357,169.1762621789194
popular,1159,ARC,5,56.58,56.3,56.85,56.58,56.3,56.85,100.0,100.0,100.0
popular,1159,LFU,5,56.58,56.3,56.85,56.58,56.3,56.85,100.0,100.0,100.0
popular,1159,LIRS,5,56.58,56.3,56.85,56.58,56.3,56.85,100.0,100.0,100.0
popular,1159,LRU,5,56.58,56.3,56.85,56.58,56.3,56.85,100.0,100.0,100.0
popular,1160,2Q,5,95.42,94.9,96.05,56.58,56.3,56.85,168.6461774890944,168.28193832599118,169.08768821966342
popular,1160,ARC,5,56.58,56.3,56.85,56.58,56.3,56.85,100.0,100.0,100.0
popular,1160,LFU,5,56.58,56.3,56.85,56.58,56.3,56.85,100.0,100.0,100.0
popular,1160,LIRS,5,56.58,56.3,56.85,56.58,56.3,56.85,100.0,100.0,100.0
popular,1160,LRU,5,56.58,56.3,56.85,56.58,56.3,56.85,100.0,100.0,100.0
popular,1161,2Q,5,95.42,94.9,96.05,56.58,56.3,56.85,168.6461774890944,168.28193832599118,169.08768821966342
popular,1161,ARC,5,56.58,56.3,56.85,56.58,56.3,56.85,100.0,100.0,100.0
popular,1161,LFU,5,56.58,56.3,56.85,56.58,56.3,56.85,100.0,100.0,100.0
popular,1161,LIRS,5,56.58,56.3,56.85,56.58,56.3,56.85,100.0,100.0,100.0
popular,1161,LRU,5,56.58,56.3,56.85,56.58,56.3,56.85,100.0,100.0,100.0
popular,144,2Q,5,336.21,333.05,339.85,218.01999999999998,217.4,218.7,154.21056059125672,152.6351970669111,155.3955189757659
popular,144,ARC,5,327.38,325.2,330.05,218.01999999999998,217.4,218.7,150.16032176197007,149.4485294117647,150.91449474165523
popular,144,LFU,5,315.44,311.15,318.9,218.01999999999998,217.4,218.7,144.68386257679595,143.12327506899723,146.55330882352942
popular,144,LIRS,5,326.52,324.15,329.8,218.01999999999998,217.4,218.7,149.7656754344506,148.5563703024748,150.80018289894832
popular,144,LRU,5,381.24,378.6,383.05,218.01999999999998,217.4,218.7,174.86508719975942,173.87717690192483,176.1959521619135
popular,145,2Q,5,334.94,331.4,338.95,217.22,216.6,217.9,154.1938171211733,152.43790248390064,155.55300596603948
popular,145,ARC,5,326.46999999999997,323.9,329.3,217.22,216.6,217.9,150.2942535650799,149.43483275663206,151.12436897659478
popular,145,LFU,5,314.68,310.65,318.6,217.22,216.6,217.9,144.86721228709695,143.42105263157896,146.98961937716263
popular,145,LIRS,5,325.68,323.55,329.1,217.22,216.6,217.9,149.93056088527052,148.82704691812327,151.0325837540156
popular,145,LRU,5,380.09999999999997,377.75,381.9,217.22,216.6,217.9,174.9843637998477,174.05703771849127,176.31578947368422
popular,146,2Q,5,333.94,330.6,338.0,216.42,215.8,217.1,154.30172546986077,152.6315789473684,155.688622754491
popular,146,ARC,5,325.57,323.65,328.5,216.42,215.8,217.1,150.43405408914734,149.58448753462605,151.31275909719022
popular,146,LFU,5,314.12,310.0,317.85,216.42,215.8,217.1,145.1438747762861,143.65152919369785,147.22093561834183
popular,146,LIRS,5,324.82,322.3,328.25,216.42,215.8,217.1,150.0874980851305,148.79963065558633,151.19760479041915
popular,146,LRU,5,378.92,376.7,380.6,216.42,215.8,217.1,175.08597114015433,174.14589104339797,176.36700648748842
popular,16,2Q,5,617.85,614.3,623.0,508.78,506.9,511.25,121.4379906870972,120.66503667481662,122.02526686906278
popular,16,ARC,5,613.69,607.65,616.7,508.78,506.9,511.25,120.620237837688,119.87571513118958,121.17507886435331
popular,16,LFU,5,595.19,575.9,611.95,508.78,506.9,511.25,116.98178844957962,113.54495268138801,120.46259842519684
popular,16,LIRS,5,618.99,613.6,622.35,508.78,506.9,511.25,121.66162835058466,121.04951666995463,122.27917981072555
popular,16,LRU,5,729.9,728.0,732.65,508.78,506.9,511.25,143.46145721709487,143.04156479217605,143.6711356466877
popular,192,2Q,5,299.02000000000004,296.85,303.05,184.55,183.3,185.4,162.02580623622947,160.57250877666758,163.4573894282632
popular,192,ARC,5,290.93,288.8,295.85,184.55,183.3,185.4,157.64202332439436,156.76478530920875,159.57389428263215
popular,192,LFU,5,280.48,275.9,282.85,184.55,183.3,185.4,151.98055710836397,150.51827605019093,153.9738704409363
popular,192,LIRS,5,287.31,285.3,291.55,184.55,183.3,185.4,155.68032663999662,154.8744261409668,157.25458468176916
popular,192,LRU,5,332.59,331.3,336.0,184.55,183.3,185.4,180.21920660762086,178.93599783958953,181.26022913256955
popular,2,2Q,5,894.59,891.0,901.25,837.97,836.6,839.1,106.75673980027523,106.30555389846687,107.50924490039365
popular,2,ARC,5,889.48,885.05,892.65,837.97,836.6,839.1,106.14683574348669,105.7912981114033,106.41040945445863
popular,2,LFU,5,871.99,854.65,928.95,837.97,836.6,839.1,104.0593259322064,102.15754243366005,110.83338304599415
popular,2,LIRS,5,894.29,892.1,897.55,837.97,836.6,839.1,106.72101157247135,106.49505422476463,107.06787546224501
popular,2,LRU,5,946.37,944.25,947.55,837.97,836.6,839.1,112.93600934639905,112.8675591680612,113.01778679718277
popular,217,2Q,5,283.67,281.55,286.45,170.8,169.5,172.05,166.08563524148755,164.7454651843183,167.52212389380531
popular,217,ARC,5,275.28000000000003,273.25,279.5,170.8,169.5,172.05,161.17136206090467,160.04068584713747,163.0688448074679
popular,217,LFU,5,264.52,263.25,265.8,170.8,169.5,172.05,154.8734517033979,154.12521942656525,155.68615927123128
popular,217,LIRS,5,271.0,269.6,274.3,170.8,169.5,172.05,158.66839002838128,156.69863411798895,160.0350058343057
popular,217,LRU,5,312.6,311.3,314.85,170.8,169.5,172.05,183.02654568749702,180.93577448416158,184.54277286135692
popular,24,2Q,5,563.6800000000001,559.0,568.7,451.61,449.8,453.5,124.81609604937012,123.88882761663174,125.54468652734549
popular,24,ARC,5,556.23,547.35,560.7,451.61,449.8,453.5,123.16585437417545,121.59280239920027,124.32192085371275
popular,24,LFU,5,539.38,524.9,552.3,451.61,449.8,453.5,119.43190462657758,116.3213296398892,121.82640344104996
popular,24,LIRS,5,563.84,559.15,567.5,451.61,449.8,453.5,124.85078563411874,124.21415083860936,125.14450867052022
popular,24,LRU,5,667.0600000000001,665.1,669.6,451.61,449.8,453.5,147.70822926326878,147.12238147739802,148.36594041796354
popular,256,2Q,5,262.93,260.8,265.35,152.99,151.15,154.5,171.86817005473256,170.290564805746,174.03241812768772
popular,256,ARC,5,255.57999999999998,253.2,258.25,152.99,151.15,154.5,167.0603145692888,165.50161812297733,168.4056080860776
popular,256,LFU,5,240.54,238.5,244.65,152.99,151.15,154.5,157.23797486697455,154.36893203883494,160.30433344359906
popular,256,LIRS,5,247.85,245.8,250.75,152.99,151.15,154.5,162.00958792644371,160.0,163.51483534398434
popular,256,LRU,5,283.8,282.6,285.8,152.99,151.15,154.5,185.51066925771815,182.97734627831716,186.96658948064837
popular,289,2Q,5,247.55,245.2,250.9,140.33,138.55,141.25,176.40743068851464,175.0796460176991,178.00638524299396
popular,289,ARC,5,239.89,237.75,242.9,140.33,138.55,141.25,170.94863268924237,170.1946902654867,172.33061369279886
popular,289,LFU,5,224.67,221.25,229.15,140.33,138.55,141.25,160.11229292949386,157.9792931096037,163.9841212558643
popular,289,LIRS,5,231.57,228.25,234.3,140.33,138.55,141.25,165.01843710986464,163.43362831858408,166.22915927633912
popular,289,LRU,5,263.23,261.5,264.6,140.33,138.55,141.25,187.58619578353373,186.3362831858407,189.78708047636232
popular,290,2Q,5,247.13,244.5,250.9,139.97,138.2,140.85,176.55986813022005,175.4348597799077,178.44950213371266
popular,290,ARC,5,239.6,237.4,242.6,139.97,138.2,140.85,171.18137439105323,170.25204117855876,172.5462304409673
popular,290,LFU,5,224.34,220.4,228.85,139.97,138.2,140.85,160.28791345438603,157.7666428060129,164.2547033285094
popular,290,LIRS,5,231.14,227.95,234.05,139.97,138.2,140.85,165.13571686134722,163.64927227547037,166.4651493598862
popular,290,LRU,5,262.65999999999997,260.9,263.95,139.97,138.2,140.85,187.66123451916243,186.6169684061058,189.8697539797395
popular,291,2Q,5,246.70000000000002,243.9,250.3,139.60999999999999,137.85,140.45,176.706637049735,175.72089711641152,178.46702317290553
popular,291,ARC,5,239.12,236.85,242.7,139.60999999999999,137.85,140.45,171.2787352508432,170.16731933072268,173.048128342246
popular,291,LFU,5,223.6,219.35,228.3,139.60999999999999,137.85,140.45,160.16974367556162,157.40940078937925,163.87377584330795
popular,291,LIRS,5,230.53,227.6,233.55,139.60999999999999,137.85,140.45,165.12489835945823,163.54574581701672,166.524064171123
popular,291,LRU,5,261.95,260.4,263.15,139.60999999999999,137.85,140.45,187.63606275695153,186.61445354218583,189.6626768226333
popular,32,2Q,5,525.33,519.85,528.95,411.87,409.85,413.65,127.54836044660125,126.48418491484185,128.93741612785166
popular,32,ARC,5,517.45,513.25,520.8,411.87,409.85,413.65,125.63421578645827,124.87834549878346,126.10711235817982
popular,32,LFU,5,502.77,489.7,512.15,411.87,409.85,413.65,122.06752161953695,119.48273758692204,124.47688564476886
popular,32,LIRS,5,525.39,522.9,528.1,411.87,409.85,413.65,127.56201985671416,127.22627737226277,127.74342185036983
popular,32,LRU,5,622.8,619.9,625.6,411.87,409.85,413.65,151.21354775570666,150.33345458954773,151.94583384164937
popular,35,2Q,5,511.28999999999996,506.4,514.35,399.8,397.6,401.5,127.88704402430201,126.9013908031575,128.9109657947686
popular,35,ARC,5,505.8,501.8,509.45,399.8,397.6,401.5,126.51289586422948,125.74865305099611,126.88667496886676
popular,35,LFU,5,492.69,482.1,504.7,399.8,397.6,401.5,123.23273781776548,121.25251509054326,126.47537902518481
popular,35,LIRS,5,513.04,509.7,516.0,399.8,397.6,401.5,128.3237629987511,127.72835484275153,128.79071508798202
popular,35,LRU,5,609.2,605.9,612.7,399.8,397.6,401.5,152.37703356078472,151.2292524647448,153.08098591549296
popular,36,2Q,5,510.67,506.55,513.1,395.99,393.85,397.65,128.9613209412058,128.14318239311916,130.0875968008125
popular,36,ARC,5,501.49,497.4,504.35,395.99,393.85,397.65,126.64173435445078,125.82848469516823,126.87358062074186
popular,36,LFU,5,490.27,479.45,503.4,395.99,393.85,397.65,123.80765147405013,120.98157961140551,127.34631925120162
popular,36,LIRS,5,509.3,506.1,512.45,395.99,393.85,397.65,128.614033708153,128.02934480141664,129.00340178908908
popular,36,LRU,5,604.9399999999999,601.55,607.65,395.99,393.85,397.65,152.76766227738074,151.58120196547813,153.5483051923321
popular,37,2Q,5,506.35,502.7,508.35,392.27,390.2,393.9,129.082756355787,128.3543980594919,130.01025115325473
popular,37,ARC,5,498.36,494.2,501.35,392.27,390.2,393.9,127.04481158233223,126.18409294012511,127.28313406257949
popular,37,LFU,5,487.0,476.1,499.3,392.27,390.2,393.9,124.14770900372253,121.29936305732484,127.48627601174518
popular,37,LIRS,5,505.7,502.6,508.9,392.27,390.2,393.9,128.9159766746628,128.3288650580876,129.36911727295853
popular,37,LRU,5,600.79,597.4,603.95,392.27,390.2,393.9,153.15827231587357,151.97150852200457,153.85699641209635
popular,384,2Q,5,211.95,208.7,213.9,112.8,110.9,113.65,187.90305768083797,186.70774647887325,189.13624220837045
popular,384,ARC,5,203.45000000000002,199.55,207.3,112.8,110.9,113.65,180.36365890320567,178.3450704225352,182.4021117465904
popular,384,LFU,5,185.57,183.65,188.75,112.8,110.9,113.65,164.53707236195544,162.48348745046235,170.19837691614066
popular,384,LIRS,5,191.68,188.3,195.0,112.8,110.9,113.65,169.92853914130572,168.17781690140845,171.5794104707435
popular,384,LRU,5,215.18,214.15,216.3,112.8,110.9,113.65,190.7741468626499,189.04531456225254,193.23715058611361
popular,4,2Q,5,788.95,786.1,792.0,718.57,717.7,720.05,109.79472906055982,109.50755728912725,110.35251497840324
popular,4,ARC,5,798.45,793.65,801.6,718.57,717.7,720.05,111.11630091542746,110.55930904785123,111.53685383865125
popular,4,LFU,5,768.16,750.8,819.85,718.57,717.7,720.05,106.89891135616946,104.59009542383507,113.94718554551773
popular,4,LIRS,5,804.83,801.2,808.85,718.57,717.7,720.05,112.00430933532182,111.6110608065752,112.41834607366226
popular,4,LRU,5,900.16,898.2,902.05,718.57,717.7,720.05,125.27107565481647,125.10936740504131,125.39881574364333
popular,48,2Q,5,473.35,469.6,476.25,357.37,355.85,359.35,132.45373750887785,131.96571589152734,133.21678321678323
popular,48,ARC,5,464.74,459.95,467.6,357.37,355.85,359.35,130.04452286494993,128.8375350140056,130.84138317233655
popular,48,LFU,5,457.07,452.85,464.65,357.37,355.85,359.35,127.90005075910264,126.67132867132867,130.15406162464987
popular,48,LIRS,5,472.33,469.85,475.7,357.37,355.85,359.35,132.1689233721527,131.4265734265734,133.19333613327734
popular,48,LRU,5,559.88,556.9,563.4,357.37,355.85,359.35,156.6666564818638,155.99439775910363,157.5944055944056
popular,512,2Q,5,175.04999999999998,173.85,175.9,89.0,87.5,90.2,196.7027213373721,194.32703003337042,198.68571428571428
popular,512,ARC,5,159.38,155.4,161.25,89.0,87.5,90.2,179.08532502845443,176.82926829268294,181.99774266365688
popular,512,LFU,5,147.88,145.35,149.25,89.0,87.5,90.2,166.1805545666233,161.67964404894326,169.42857142857142
popular,512,LIRS,5,151.1,148.25,152.65,89.0,87.5,90.2,169.78182798525896,168.0709534368071,171.90315315315314
popular,512,LRU,5,165.38,162.35,167.05,89.0,87.5,90.2,185.82356626007504,185.0389321468298,186.93693693693695
popular,64,2Q,5,438.22,436.45,440.1,319.48,318.35,320.1,137.1668285571786,136.48585274347352,137.83275916066395
popular,64,ARC,5,428.73,425.1,431.65,319.48,318.35,320.1,134.1967730896875,132.90604971080194,134.94581435526936
popular,64,LFU,5,420.39,416.55,428.45,319.48,318.35,320.1,131.58644214051094,130.13120899718837,133.97435897435898
popular,64,LIRS,5,433.34999999999997,432.45,434.85,319.48,318.35,320.1,135.64256672699653,135.26653118649367,135.98240929794252
popular,64,LRU,5,513.92,510.95,517.9,319.48,318.35,320.1,160.8615798030752,159.74675629201187,161.93235202004385
popular,72,2Q,5,423.59,422.05,425.3,304.37,303.15,305.55,139.1702284171811,138.3406971035837,139.7564587790028
popular,72,ARC,5,414.05,412.9,415.25,304.37,303.15,305.55,136.0363265054145,135.13336606120112,136.7969651987465
popular,72,LFU,5,403.37,401.2,405.15,304.37,303.15,305.55,132.527796176205,131.30420553100964,133.58073560943427
popular,72,LIRS,5,418.15,416.55,419.9,304.37,303.15,305.55,137.3826712804233,136.76975945017182,137.76246719160105
popular,72,LRU,5,494.35,490.95,499.55,304.37,303.15,305.55,162.41861545053314,160.67746686303389,163.89435695538057
popular,768,2Q,5,122.2,121.2,123.0,63.8,63.05,64.5,191.5436424025749,190.0,193.5765265662173
popular,768,ARC,5,98.75,96.55,100.7,63.8,63.05,64.5,154.78243468177237,151.45098039215685,157.41475019825535
popular,768,LFU,5,94.27,92.6,95.15,63.8,63.05,64.5,147.76453303383752,145.2549019607843,150.19825535289453
popular,768,LIRS,5,95.78999999999999,94.7,96.6,63.8,63.05,64.5,150.1430101920597,148.54901960784315,151.05882352941177
popular,768,LRU,5,100.48,98.7,101.95,63.8,63.05,64.5,157.4917468818147,154.8235294117647,159.42142298670836
popular,8,2Q,5,703.13,700.5,706.05,610.62,609.3,612.85,115.15028429922786,114.84419726834055,115.4849827671098
popular,8,ARC,5,705.08,702.55,708.75,610.62,609.3,612.85,115.47030548185766,114.98323382677681,116.32200886262925
popular,8,LFU,5,698.83,682.7,721.7,610.62,609.3,612.85,114.44773164075794,111.67089228756032,118.44739865419334
popular,8,LIRS,5,712.21,709.6,714.2,610.62,609.3,612.85,116.63725942335101,116.45195700336424,116.87182012145084
popular,8,LRU,5,828.1800000000001,827.35,828.95,610.62,609.3,612.85,135.6299774123577,135.13094558211634,135.93467913999672
popular,96,2Q,5,387.08,384.45,389.45,267.69,266.4,269.2,144.60075188159223,143.61225252147926,145.69771791994015
popular,96,ARC,5,377.91,376.9,379.75,267.69,266.4,269.2,141.17627729696952,140.41604754829123,142.06883651328096
popular,96,LFU,5,366.07,364.25,369.35,267.69,266.4,269.2,136.75210551251863,136.06983655274888,137.8943438491693
popular,96,LIRS,5,380.6,378.75,382.3,267.69,266.4,269.2,142.18128126280635,141.48300336197235,143.11186186186185
popular,96,LRU,5,447.16,443.9,449.75,267.69,266.4,269.2,167.04521465534347,165.89895988112926,168.2566404788627
scan,1,ARC,5,1000.0,1000.0,1000.0,1000.0,1000.0,1000.0,100.0,100.0,100.0
scan,1,LFU,5,1000.0,1000.0,1000.0,1000.0,1000.0,1000.0,100.0,100.0,100.0
scan,1,LRU,5,1000.0,1000.0,1000.0,1000.0,1000.0,1000.0,100.0,100.0,100.0
scan,1024,2Q,5,1000.0,1000.0,1000.0,166.8,166.8,166.8,599.5203836930456,599.5203836930456,599.5203836930456
scan,1024,ARC,5,1000.0,1000.0,1000.0,166.8,166.8,166.8,599.5203836930456,599.5203836930456,599.5203836930456
scan,1024,LFU,5,1000.0,1000.0,1000.0,166.8,166.8,166.8,599.5203836930456,599.5203836930456,599.5203836930456
scan,1024,LIRS,5,174.8,174.8,174.8,166.8,166.8,166.8,104.79616306954436,104.79616306954436,104.79616306954436
scan,1024,LRU,5,1000.0,1000.0,1000.0,166.8,166.8,166.8,599.5203836930456,599.5203836930456,599.5203836930456
scan,1159,2Q,5,1000.0,1000.0,1000.0,58.8,58.8,58.8,1700.6802721088436,1700.6802721088436,1700.6802721088436
scan,1159,ARC,5,1000.0,1000.0,1000.0,58.8,58.8,58.8,1700.6802721088436,1700.6802721088436,1700.6802721088436
scan,1159,LFU,5,1000.0,1000.0,1000.0,58.8,58.8,58.8,1700.6802721088436,1700.6802721088436,1700.6802721088436
scan,1159,LIRS,5,67.6,67.6,67.6,58.8,58.8,58.8,114.96598639455782,114.96598639455782,114.96598639455782
scan,1159,LRU,5,1000.0,1000.0,1000.0,58.8,58.8,58.8,1700.6802721088436,1700.6802721088436,1700.6802721088436
scan,1160,2Q,5,1000.0,1000.0,1000.0,58.0,58.0,58.0,1724.1379310344828,1724.1379310344828,1724.1379310344828
scan,1160,ARC,5,58.0,58.0,58.0,58.0,58.0,58.0,100.0,100.0,100.0
scan,1160,LFU,5,58.0,58.0,58.0,58.0,58.0,58.0,100.0,100.0,100.0
scan,1160,LIRS,5,58.0,58.0,58.0,58.0,58.0,58.0,100.0,100.0,100.0
scan,1160,LRU,5,58.0,58.0,58.0,58.0,58.0,58.0,100.0,100.0,100.0
scan,1161,2Q,5,1000.0,1000.0,1000.0,58.0,58.0,58.0,1724.1379310344828,1724.1379310344828,1724.1379310344828
scan,1161,ARC,5,58.0,58.0,58.0,58.0,58.0,58.0,100.0,100.0,100.0
scan,1161,LFU,5,58.0,58.0,58.0,58.0,58.0,58.0,100.0,100.0,100.0
scan,1161,LIRS,5,58.0,58.0,58.0,58.0,58.0,58.0,100.0,100.0,100.0
scan,1161,LRU,5,58.0,58.0,58.0,58.0,58.0,58.0,100.0,100.0,100.0
scan,144,2Q,5,1000.0,1000.0,1000.0,878.45,878.45,878.45,113.83687176276396,113.83687176276396,113.83687176276396
scan,144,ARC,5,1000.0,1000.0,1000.0,878.45,878.45,878.45,113.83687176276396,113.83687176276396,113.83687176276396
scan,144,LFU,5,1000.0,1000.0,1000.0,878.45,878.45,878.45,113.83687176276396,113.83687176276396,113.83687176276396
scan,144,LIRS,5,878.45,878.45,878.45,878.45,878.45,878.45,100.0,100.0,100.0
scan,144,LRU,5,1000.0,1000.0,1000.0,878.45,878.45,878.45,113.83687176276396,113.83687176276396,113.83687176276396
scan,145,2Q,5,1000.0,1000.0,1000.0,877.6,877.6,877.6,113.94712853236098,113.94712853236098,113.94712853236098
scan,145,ARC,5,1000.0,1000.0,1000.0,877.6,877.6,877.6,113.94712853236098,113.94712853236098,113.94712853236098
scan,145,LFU,5,1000.0,1000.0,1000.0,877.6,877.6,877.6,113.94712853236098,113.94712853236098,113.94712853236098
scan,145,LIRS,5,877.6,877.6,877.6,877.6,877.6,877.6,100.0,100.0,100.0
scan,145,LRU,5,1000.0,1000.0,1000.0,877.6,877.6,877.6,113.94712853236098,113.94712853236098,113.94712853236098
scan,146,2Q,5,1000.0,1000.0,1000.0,876.75,876.75,876.75,114.0575990875392,114.0575990875392,114.0575990875392
scan,146,ARC,5,1000.0,1000.0,1000.0,876.75,876.75,876.75,114.0575990875392,114.0575990875392,114.0575990875392
scan,146,LFU,5,1000.0,1000.0,1000.0,876.75,876.75,876.75,114.0575990875392,114.0575990875392,114.0575990875392
scan,146,LIRS,5,876.75,876.75,876.75,876.75,876.75,876.75,100.0,100.0,100.0
scan,146,LRU,5,1000.0,1000.0,1000.0,876.75,876.75,876.75,114.0575990875392,114.0575990875392,114.0575990875392
scan,16,2Q,5,1000.0,1000.0,1000.0,987.25,987.25,987.25,101.29146619397316,101.29146619397316,101.29146619397316
scan,16,ARC,5,1000.0,1000.0,1000.0,987.25,987.25,987.25,101.29146619397316,101.29146619397316,101.29146619397316
scan,16,LFU,5,1000.0,1000.0,1000.0,987.25,987.25,987.25,101.29146619397316,101.29146619397316,101.29146619397316
scan,16,LIRS,5,987.25,987.25,987.25,987.25,987.25,987.25,100.0,100.0,100.0
scan,16,LRU,5,1000.0,1000.0,1000.0,987.25,987.25,987.25,101.29146619397316,101.29146619397316,101.29146619397316
scan,192,2Q,5,1000.0,1000.0,1000.0,837.65,837.65,837.65,119.38160329493225,119.38160329493225,119.38160329493225
scan,192,ARC,5,1000.0,1000.0,1000.0,837.65,837.65,837.65,119.38160329493225,119.38160329493225,119.38160329493225
scan,192,LFU,5,1000.0,1000.0,1000.0,837.65,837.65,837.65,119.38160329493225,119.38160329493225,119.38160329493225
scan,192,LIRS,5,837.65,837.65,837.65,837.65,837.65,837.65,100.0,100.0,100.0
scan,192,LRU,5,1000.0,1000.0,1000.0,837.65,837.65,837.65,119.38160329493225,119.38160329493225,119.38160329493225
scan,2,2Q,5,1000.0,1000.0,1000.0,999.15,999.15,999.15,100.08507231146474,100.08507231146474,100.08507231146474
scan,2,ARC,5,1000.0,1000.0,1000.0,999.15,999.15,999.15,100.08507231146474,100.08507231146474,100.08507231146474
scan,2,LFU,5,1000.0,1000.0,1000.0,999.15,999.15,999.15,100.08507231146474,100.08507231146474,100.08507231146474
scan,2,LIRS,5,999.15,999.15,999.15,999.15,999.15,999.15,100.0,100.0,100.0
scan,2,LRU,5,1000.0,1000.0,1000.0,999.15,999.15,999.15,100.08507231146474,100.08507231146474,100.08507231146474
scan,217,2Q,5,1000.0,1000.0,1000.0,816.4,816.4,816.4,122.4889759921607,122.4889759921607,122.4889759921607
scan,217,ARC,5,1000.0,1000.0,1000.0,816.4,816.4,816.4,122.4889759921607,122.4889759921607,122.4889759921607
scan,217,LFU,5,1000.0,1000.0,1000.0,816.4,816.4,816.4,122.4889759921607,122.4889759921607,122.4889759921607
scan,217,LIRS,5,817.25,817.25,817.25,816.4,816.4,816.4,100.10411562959334,100.10411562959334,100.10411562959334
scan,217,LRU,5,1000.0,1000.0,1000.0,816.4,816.4,816.4,122.4889759921607,122.4889759921607,122.4889759921607
scan,24,2Q,5,1000.0,1000.0,1000.0,980.45,980.45,980.45,101.99398235504106,101.99398235504106,101.99398235504106
scan,24,ARC,5,1000.0,1000.0,1000.0,980.45,980.45,980.45,101.99398235504106,101.99398235504106,101.99398235504106
scan,24,LFU,5,1000.0,1000.0,1000.0,980.45,980.45,980.45,101.99398235504106,101.99398235504106,101.99398235504106
scan,24,LIRS,5,980.45,980.45,980.45,980.45,980.45,980.45,100.0,100.0,100.0
scan,24,LRU,5,1000.0,1000.0,1000.0,980.45,980.45,980.45,101.99398235504106,101.99398235504106,101.99398235504106
scan,256,2Q,5,1000.0,1000.0,1000.0,783.25,783.25,783.25,127.67315671879987,127.67315671879987,127.67315671879987
scan,256,ARC,5,1000.0,1000.0,1000.0,783.25,783.25,783.25,127.67315671879987,127.67315671879987,127.67315671879987
scan,256,LFU,5,1000.0,1000.0,1000.0,783.25,783.25,783.25,127.67315671879987,127.67315671879987,127.67315671879987
scan,256,LIRS,5,784.1,784.1,784.1,783.25,783.25,783.25,100.10852218321098,100.10852218321098,100.10852218321098
scan,256,LRU,5,1000.0,1000.0,1000.0,783.25,783.25,783.25,127.67315671879987,127.67315671879987,127.67315671879987
scan,289,2Q,5,1000.0,1000.0,1000.0,755.2,755.2,755.2,132.41525423728814,132.41525423728814,132.41525423728814
scan,289,ARC,5,1000.0,1000.0,1000.0,755.2,755.2,755.2,132.41525423728814,132.41525423728814,132.41525423728814
scan,289,LFU,5,1000.0,1000.0,1000.0,755.2,755.2,755.2,132.41525423728814,132.41525423728814,132.41525423728814
scan,289,LIRS,5,756.4,756.4,756.4,755.2,755.2,755.2,100.15889830508475,100.15889830508475,100.15889830508475
scan,289,LRU,5,1000.0,1000.0,1000.0,755.2,755.2,755.2,132.41525423728814,132.41525423728814,132.41525423728814
scan,290,2Q,5,1000.0,1000.0,1000.0,754.35,754.35,754.35,132.56445946841652,132.56445946841652,132.56445946841652
scan,290,ARC,5,1000.0,1000.0,1000.0,754.35,754.35,754.35,132.56445946841652,132.56445946841652,132.56445946841652
scan,290,LFU,5,1000.0,1000.0,1000.0,754.35,754.35,754.35,132.56445946841652,132.56445946841652,132.56445946841652
scan,290,LIRS,5,755.6,755.6,755.6,754.35,754.35,754.35,100.16570557433552,100.16570557433552,100.16570557433552
scan,290,LRU,5,1000.0,1000.0,1000.0,754.35,754.35,754.35,132.56445946841652,132.56445946841652,132.56445946841652
scan,291,2Q,5,1000.0,1000.0,1000.0,753.5,753.5,753.5,132.71400132714,132.71400132714,132.71400132714
scan,291,ARC,5,1000.0,1000.0,1000.0,753.5,753.5,753.5,132.71400132714,132.71400132714,132.71400132714
scan,291,LFU,5,1000.0,1000.0,1000.0,753.5,753.5,753.5,132.71400132714,132.71400132714,132.71400132714
scan,291,LIRS,5,754.8,754.8,754.8,753.5,753.5,753.5,100.17252820172529,100.17252820172529,100.17252820172529
scan,291,LRU,5,1000.0,1000.0,1000.0,753.5,753.5,753.5,132.71400132714,132.71400132714,132.71400132714
scan,32,2Q,5,1000.0,1000.0,1000.0,973.65,973.65,973.65,102.70631130282956,102.70631130282956,102.70631130282956
scan,32,ARC,5,1000.0,1000.0,1000.0,973.65,973.65,973.65,102.70631130282956,102.70631130282956,102.70631130282956
scan,32,LFU,5,1000.0,1000.0,1000.0,973.65,973.65,973.65,102.70631130282956,102.70631130282956,102.70631130282956
scan,32,LIRS,5,973.65,973.65,973.65,973.65,973.65,973.65,100.0,100.0,100.0
scan,32,LRU,5,1000.0,1000.0,1000.0,973.65,973.65,973.65,102.70631130282956,102.70631130282956,102.70631130282956
scan,35,2Q,5,1000.0,1000.0,1000.0,971.1,971.1,971.1,102.97600659046442,102.97600659046442,102.97600659046442
scan,35,ARC,5,1000.0,1000.0,1000.0,971.1,971.1,971.1,102.97600659046442,102.97600659046442,102.97600659046442
scan,35,LFU,5,1000.0,1000.0,1000.0,971.1,971.1,971.1,102.97600659046442,102.97600659046442,102.97600659046442
scan,35,LIRS,5,971.1,971.1,971.1,971.1,971.1,971.1,100.0,100.0,100.0
scan,35,LRU,5,1000.0,1000.0,1000.0,971.1,971.1,971.1,102.97600659046442,102.97600659046442,102.97600659046442
scan,36,2Q,5,1000.0,1000.0,1000.0,970.25,970.25,970.25,103.0662200463798,103.0662200463798,103.0662200463798
scan,36,ARC,5,1000.0,1000.0,1000.0,970.25,970.25,970.25,103.0662200463798,103.0662200463798,103.0662200463798
scan,36,LFU,5,1000.0,1000.0,1000.0,970.25,970.25,970.25,103.0662200463798,103.0662200463798,103.0662200463798
scan,36,LIRS,5,970.25,970.25,970.25,970.25,970.25,970.25,100.0,100.0,100.0
scan,36,LRU,5,1000.0,1000.0,1000.0,970.25,970.25,970.25,103.0662200463798,103.0662200463798,103.0662200463798
scan,37,2Q,5,1000.0,1000.0,1000.0,969.4,969.4,969.4,103.15659170621002,103.15659170621002,103.15659170621002
scan,37,ARC,5,1000.0,1000.0,1000.0,969.4,969.4,969.4,103.15659170621002,103.15659170621002,103.15659170621002
scan,37,LFU,5,1000.0,1000.0,1000.0,969.4,969.4,969.4,103.15659170621002,103.15659170621002,103.15659170621002
scan,37,LIRS,5,969.4,969.4,969.4,969.4,969.4,969.4,100.0,100.0,100.0
scan,37,LRU,5,1000.0,1000.0,1000.0,969.4,969.4,969.4,103.15659170621002,103.15659170621002,103.15659170621002
scan,384,2Q,5,1000.0,1000.0,1000.0,678.8,678.8,678.8,147.3187978786093,147.3187978786093,147.3187978786093
scan,384,ARC,5,1000.0,1000.0,1000.0,678.8,678.8,678.8,147.3187978786093,147.3187978786093,147.3187978786093
scan,384,LFU,5,1000.0,1000.0,1000.0,678.8,678.8,678.8,147.3187978786093,147.3187978786093,147.3187978786093
scan,384,LIRS,5,681.2,681.2,681.2,678.8,678.8,678.8,100.35356511490866,100.35356511490866,100.35356511490866
scan,384,LRU,5,1000.0,1000.0,1000.0,678.8,678.8,678.8,147.3187978786093,147.3187978786093,147.3187978786093
scan,4,2Q,5,1000.0,1000.0,1000.0,997.45,997.45,997.45,100.25565191237656,100.25565191237656,100.25565191237656
scan,4,ARC,5,1000.0,1000.0,1000.0,997.45,997.45,997.45,100.25565191237656,100.25565191237656,100.25565191237656
scan,4,LFU,5,1000.0,1000.0,1000.0,997.45,997.45,997.45,100.25565191237656,100.25565191237656,100.25565191237656
scan,4,LIRS,5,997.45,997.45,997.45,997.45,997.45,997.45,100.0,100.0,100.0
scan,4,LRU,5,1000.0,1000.0,1000.0,997.45,997.45,997.45,100.25565191237656,100.25565191237656,100.25565191237656
scan,48,2Q,5,1000.0,1000.0,1000.0,960.05,960.05,960.05,104.16124160199989,104.16124160199989,104.16124160199989
scan,48,ARC,5,1000.0,1000.0,1000.0,960.05,960.05,960.05,104.16124160199989,104.16124160199989,104.16124160199989
scan,48,LFU,5,1000.0,1000.0,1000.0,960.05,960.05,960.05,104.16124160199989,104.16124160199989,104.16124160199989
scan,48,LIRS,5,960.05,960.05,960.05,960.05,960.05,960.05,100.0,100.0,100.0
scan,48,LRU,5,1000.0,1000.0,1000.0,960.05,960.05,960.05,104.16124160199989,104.16124160199989,104.16124160199989
scan,512,2Q,5,1000.0,1000.0,1000.0,576.4,576.4,576.4,173.49063150589868,173.49063150589868,173.49063150589868
scan,512,ARC,5,1000.0,1000.0,1000.0,576.4,576.4,576.4,173.49063150589868,173.49063150589868,173.49063150589868
scan,512,LFU,5,1000.0,1000.0,1000.0,576.4,576.4,576.4,173.49063150589868,173.49063150589868,173.49063150589868
scan,512,LIRS,5,580.4,580.4,580.4,576.4,576.4,576.4,100.6939625260236,100.6939625260236,100.6939625260236
scan,512,LRU,5,1000.0,1000.0,1000.0,576.4,576.4,576.4,173.49063150589868,173.49063150589868,173.49063150589868
scan,64,2Q,5,1000.0,1000.0,1000.0,946.45,946.45,946.45,105.6579851022241,105.6579851022241,105.6579851022241
scan,64,ARC,5,1000.0,1000.0,1000.0,946.45,946.45,946.45,105.6579851022241,105.6579851022241,105.6579851022241
scan,64,LFU,5,1000.0,1000.0,1000.0,946.45,946.45,946.45,105.6579851022241,105.6579851022241,105.6579851022241
scan,64,LIRS,5,946.45,946.45,946.45,946.45,946.45,946.45,100.0,100.0,100.0
scan,64,LRU,5,1000.0,1000.0,1000.0,946.45,946.45,946.45,105.6579851022241,105.6579851022241,105.6579851022241
scan,72,2Q,5,1000.0,1000.0,1000.0,939.65,939.65,939.65,106.42260416112383,106.42260416112383,106.42260416112383
scan,72,ARC,5,1000.0,1000.0,1000.0,939.65,939.65,939.65,106.42260416112383,106.42260416112383,106.42260416112383
scan,72,LFU,5,1000.0,1000.0,1000.0,939.65,939.65,939.65,106.42260416112383,106.42260416112383,106.42260416112383
scan,72,LIRS,5,939.65,939.65,939.65,939.65,939.65,939.65,100.0,100.0,100.0
scan,72,LRU,5,1000.0,1000.0,1000.0,939.65,939.65,939.65,106.42260416112383,106.42260416112383,106.42260416112383
scan,768,2Q,5,1000.0,1000.0,1000.0,371.6,371.6,371.6,269.1065662002153,269.1065662002153,269.1065662002153
scan,768,ARC,5,1000.0,1000.0,1000.0,371.6,371.6,371.6,269.1065662002153,269.1065662002153,269.1065662002153
scan,768,LFU,5,1000.0,1000.0,1000.0,371.6,371.6,371.6,269.1065662002153,269.1065662002153,269.1065662002153
scan,768,LIRS,5,377.2,377.2,377.2,371.6,371.6,371.6,101.5069967707212,101.5069967707212,101.5069967707212
scan,768,LRU,5,1000.0,1000.0,1000.0,371.6,371.6,371.6,269.1065662002153,269.1065662002153,269.1065662002153
scan,8,2Q,5,1000.0,1000.0,1000.0,994.05,994.05,994.05,100.5985614405714,100.5985614405714,100.5985614405714
scan,8,ARC,5,1000.0,1000.0,1000.0,994.05,994.05,994.05,100.5985614405714,100.5985614405714,100.5985614405714
scan,8,LFU,5,1000.0,1000.0,1000.0,994.05,994.05,994.05,100.5985614405714,100.5985614405714,100.5985614405714
scan,8,LIRS,5,994.05,994.05,994.05,994.05,994.05,994.05,100.0,100.0,100.0
scan,8,LRU,5,1000.0,1000.0,1000.0,994.05,994.05,994.05,100.5985614405714,100.5985614405714,100.5985614405714
scan,96,2Q,5,1000.0,1000.0,1000.0,919.25,919.25,919.25,108.78433505575197,108.78433505575197,108.78433505575197
scan,96,ARC,5,1000.0,1000.0,1000.0,919.25,919.25,919.25,108.78433505575197,108.78433505575197,108.78433505575197
scan,96,LFU,5,1000.0,1000.0,1000.0,919.25,919.25,919.25,108.78433505575197,108.78433505575197,108.78433505575197
scan,96,LIRS,5,919.25,919.25,919.25,919.25,919.25,919.25,100.0,100.0,100.0
scan,96,LRU,5,1000.0,1000.0,1000.0,919.25,919.25,919.25,108.78433505575197,108.78433505575197,108.78433505575197
small_cycle,1,ARC,5,1000.0,1000.0,1000.0,1000.0,1000.0,1000.0,100.0,100.0,100.0
small_cycle,1,LFU,5,1000.0,1000.0,1000.0,1000.0,1000.0,1000.0,100.0,100.0,100.0
small_cycle,1,LRU,5,1000.0,1000.0,1000.0,1000.0,1000.0,1000.0,100.0,100.0,100.0
small_cycle,1024,2Q,5,7.25,7.25,7.25,7.25,7.25,7.25,100.0,100.0,100.0
small_cycle,1024,ARC,5,7.25,7.25,7.25,7.25,7.25,7.25,100.0,100.0,100.0
small_cycle,1024,LFU,5,7.25,7.25,7.25,7.25,7.25,7.25,100.0,100.0,100.0
small_cycle,1024,LIRS,5,7.25,7.25,7.25,7.25,7.25,7.25,100.0,100.0,100.0
small_cycle,1024,LRU,5,7.25,7.25,7.25,7.25,7.25,7.25,100.0,100.0,100.0
small_cycle,1159,2Q,5,7.25,7.25,7.25,7.25,7.25,7.25,100.0,100.0,100.0
small_cycle,1159,ARC,5,7.25,7.25,7.25,7.25,7.25,7.25,100.0,100.0,100.0
small_cycle,1159,LFU,5,7.25,7.25,7.25,7.25,7.25,7.25,100.0,100.0,100.0
small_cycle,1159,LIRS,5,7.25,7.25,7.25,7.25,7.25,7.25,100.0,100.0,100.0
small_cycle,1159,LRU,5,7.25,7.25,7.25,7.25,7.25,7.25,100.0,100.0,100.0
small_cycle,1160,2Q,5,7.25,7.25,7.25,7.25,7.25,7.25,100.0,100.0,100.0
small_cycle,1160,ARC,5,7.25,7.25,7.25,7.25,7.25,7.25,100.0,100.0,100.0
small_cycle,1160,LFU,5,7.25,7.25,7.25,7.25,7.25,7.25,100.0,100.0,100.0
small_cycle,1160,LIRS,5,7.25,7.25,7.25,7.25,7.25,7.25,100.0,100.0,100.0
small_cycle,1160,LRU,5,7.25,7.25,7.25,7.25,7.25,7.25,100.0,100.0,100.0
small_cycle,1161,2Q,5,7.25,7.25,7.25,7.25,7.25,7.25,100.0,100.0,100.0
small_cycle,1161,ARC,5,7.25,7.25,7.25,7.25,7.25,7.25,100.0,100.0,100.0
small_cycle,1161,LFU,5,7.25,7.25,7.25,7.25,7.25,7.25,100.0,100.0,100.0
small_cycle,1161,LIRS,5,7.25,7.25,7.25,7.25,7.25,7.25,100.0,100.0,100.0
small_cycle,1161,LRU,5,7.25,7.25,7.25,7.25,7.25,7.25,100.0,100.0,100.0
small_cycle,144,2Q,5,1000.0,1000.0,1000.0,14.1,14.1,14.1,7092.198581560284,7092.198581560284,7092.198581560284
small_cycle,144,ARC,5,1000.0,1000.0,1000.0,14.1,14.1,14.1,7092.198581560284,7092.198581560284,7092.198581560284
small_cycle,144,LFU,5,1000.0,1000.0,1000.0,14.1,14.1,14.1,7092.198581560284,7092.198581560284,7092.198581560284
small_cycle,144,LIRS,5,20.85,20.85,20.85,14.1,14.1,14.1,147.87234042553192,147.87234042553192,147.87234042553192
small_cycle,144,LRU,5,1000.0,1000.0,1000.0,14.1,14.1,14.1,7092.198581560284,7092.198581560284,7092.198581560284
small_cycle,145,2Q,5,1000.0,1000.0,1000.0,7.25,7.25,7.25,13793.103448275862,13793.103448275862,13793.103448275862
small_cycle,145,ARC,5,7.25,7.25,7.25,7.25,7.25,7.25,100.0,100.0,100.0
small_cycle,145,LFU,5,7.25,7.25,7.25,7.25,7.25,7.25,100.0,100.0,100.0
small_cycle,145,LIRS,5,7.25,7.25,7.25,7.25,7.25,7.25,100.0,100.0,100.0
small_cycle,145,LRU,5,7.25,7.25,7.25,7.25,7.25,7.25,100.0,100.0,100.0
small_cycle,146,2Q,5,1000.0,1000.0,1000.0,7.25,7.25,7.25,13793.103448275862,13793.103448275862,13793.103448275862
small_cycle,146,ARC,5,7.25,7.25,7.25,7.25,7.25,7.25,100.0,100.0,100.0
small_cycle,146,LFU,5,7.25,7.25,7.25,7.25,7.25,7.25,100.0,100.0,100.0
small_cycle,146,LIRS,5,7.25,7.25,7.25,7.25,7.25,7.25,100.0,100.0,100.0
small_cycle,146,LRU,5,7.25,7.25,7.25,7.25,7.25,7.25,100.0,100.0,100.0
small_cycle,16,2Q,5,1000.0,1000.0,1000.0,896.5,896.5,896.5,111.54489682097044,111.54489682097044,111.54489682097044
small_cycle,16,ARC,5,1000.0,1000.0,1000.0,896.5,896.5,896.5,111.54489682097044,111.54489682097044,111.54489682097044
small_cycle,16,LFU,5,1000.0,1000.0,1000.0,896.5,896.5,896.5,111.54489682097044,111.54489682097044,111.54489682097044
small_cycle,16,LIRS,5,897.25,897.25,897.25,896.5,896.5,896.5,100.08365867261573,100.08365867261573,100.08365867261573
small_cycle,16,LRU,5,1000.0,1000.0,1000.0,896.5,896.5,896.5,111.54489682097044,111.54489682097044,111.54489682097044
small_cycle,192,2Q,5,1000.0,1000.0,1000.0,7.25,7.25,7.25,13793.103448275862,13793.103448275862,13793.103448275862
small_cycle,192,ARC,5,7.25,7.25,7.25,7.25,7.25,7.25,100.0,100.0,100.0
small_cycle,192,LFU,5,7.25,7.25,7.25,7.25,7.25,7.25,100.0,100.0,100.0
small_cycle,192,LIRS,5,7.25,7.25,7.25,7.25,7.25,7.25,100.0,100.0,100.0
small_cycle,192,LRU,5,7.25,7.25,7.25,7.25,7.25,7.25,100.0,100.0,100.0
small_cycle,2,2Q,5,1000.0,1000.0,1000.0,993.1,993.1,993.1,100.6947940791461,100.6947940791461,100.6947940791461
small_cycle,2,ARC,5,1000.0,1000.0,1000.0,993.1,993.1,993.1,100.6947940791461,100.6947940791461,100.6947940791461
small_cycle,2,LFU,5,1000.0,1000.0,1000.0,993.1,993.1,993.1,100.6947940791461,100.6947940791461,100.6947940791461
small_cycle,2,LIRS,5,993.15,993.15,993.15,993.1,993.1,993.1,100.00503473970396,100.00503473970396,100.00503473970396
small_cycle,2,LRU,5,1000.0,1000.0,1000.0,993.1,993.1,993.1,100.6947940791461,100.6947940791461,100.6947940791461
small_cycle,217,2Q,5,11.8,11.8,11.8,7.25,7.25,7.25,162.75862068965517,162.75862068965517,162.75862068965517
small_cycle,217,ARC,5,7.25,7.25,7.25,7.25,7.25,7.25,100.0,100.0,100.0
small_cycle,217,LFU,5,7.25,7.25,7.25,7.25,7.25,7.25,100.0,100.0,100.0
small_cycle,217,LIRS,5,7.25,7.25,7.25,7.25,7.25,7.25,100.0,100.0,100.0
small_cycle,217,LRU,5,7.25,7.25,7.25,7.25,7.25,7.25,100.0,100.0,100.0
small_cycle,24,2Q,5,1000.0,1000.0,1000.0,841.3,841.3,841.3,118.86366337810531,118.86366337810531,118.86366337810531
small_cycle,24,ARC,5,1000.0,1000.0,1000.0,841.3,841.3,841.3,118.86366337810531,118.86366337810531,118.86366337810531
small_cycle,24,LFU,5,1000.0,1000.0,1000.0,841.3,841.3,841.3,118.86366337810531,118.86366337810531,118.86366337810531
small_cycle,24,LIRS,5,842.45,842.45,842.45,841.3,841.3,841.3,100.13669321288482,100.13669321288482,100.13669321288482
small_cycle,24,LRU,5,1000.0,1000.0,1000.0,841.3,841.3,841.3,118.86366337810531,118.86366337810531,118.86366337810531
small_cycle,256,2Q,5,11.3,11.3,11.3,7.25,7.25,7.25,155.86206896551724,155.86206896551724,155.86206896551724
small_cycle,256,ARC,5,7.25,7.25,7.25,7.25,7.25,7.25,100.0,100.0,100.0
small_cycle,256,LFU,5,7.25,7.25,7.25,7.25,7.25,7.25,100.0,100.0,100.0
small_cycle,256,LIRS,5,7.25,7.25,7.25,7.25,7.25,7.25,100.0,100.0,100.0
small_cycle,256,LRU,5,7.25,7.25,7.25,7.25,7.25,7.25,100.0,100.0,100.0
small_cycle,289,2Q,5,10.9,10.9,10.9,7.25,7.25,7.25,150.3448275862069,150.3448275862069,150.3448275862069
small_cycle,289,ARC,5,7.25,7.25,7.25,7.25,7.25,7.25,100.0,100.0,100.0
small_cycle,289,LFU,5,7.25,7.25,7.25,7.25,7.25,7.25,100.0,100.0,100.0
small_cycle,289,LIRS,5,7.25,7.25,7.25,7.25,7.25,7.25,100.0,100.0,100.0
small_cycle,289,LRU,5,7.25,7.25,7.25,7.25,7.25,7.25,100.0,100.0,100.0
small_cycle,290,2Q,5,10.9,10.9,10.9,7.25,7.25,7.25,150.3448275862069,150.3448275862069,150.3448275862069
small_cycle,290,ARC,5,7.25,7.25,7.25,7.25,7.25,7.25,100.0,100.0,100.0
small_cycle,290,LFU,5,7.25,7.25,7.25,7.25,7.25,7.25,100.0,100.0,100.0
small_cycle,290,LIRS,5,7.25,7.25,7.25,7.25,7.25,7.25,100.0,100.0,100.0
small_cycle,290,LRU,5,7.25,7.25,7.25,7.25,7.25,7.25,100.0,100.0,100.0
small_cycle,291,2Q,5,10.9,10.9,10.9,7.25,7.25,7.25,150.3448275862069,150.3448275862069,150.3448275862069
small_cycle,291,ARC,5,7.25,7.25,7.25,7.25,7.25,7.25,100.0,100.0,100.0
small_cycle,291,LFU,5,7.25,7.25,7.25,7.25,7.25,7.25,100.0,100.0,100.0
small_cycle,291,LIRS,5,7.25,7.25,7.25,7.25,7.25,7.25,100.0,100.0,100.0
small_cycle,291,LRU,5,7.25,7.25,7.25,7.25,7.25,7.25,100.0,100.0,100.0
small_cycle,32,2Q,5,1000.0,1000.0,1000.0,786.1,786.1,786.1,127.21027859051011,127.21027859051011,127.21027859051011
small_cycle,32,ARC,5,1000.0,1000.0,1000.0,786.1,786.1,786.1,127.21027859051011,127.21027859051011,127.21027859051011
small_cycle,32,LFU,5,1000.0,1000.0,1000.0,786.1,786.1,786.1,127.21027859051011,127.21027859051011,127.21027859051011
small_cycle,32,LIRS,5,787.65,787.65,787.65,786.1,786.1,786.1,100.1971759318153,100.1971759318153,100.1971759318153
small_cycle,32,LRU,5,1000.0,1000.0,1000.0,786.1,786.1,786.1,127.21027859051011,127.21027859051011,127.21027859051011
small_cycle,35,2Q,5,1000.0,1000.0,1000.0,765.4,765.4,765.4,130.65064018813692,130.65064018813692,130.65064018813692
small_cycle,35,ARC,5,1000.0,1000.0,1000.0,765.4,765.4,765.4,130.65064018813692,130.65064018813692,130.65064018813692
small_cycle,35,LFU,5,1000.0,1000.0,1000.0,765.4,765.4,765.4,130.65064018813692,130.65064018813692,130.65064018813692
small_cycle,35,LIRS,5,767.1,767.1,767.1,765.4,765.4,765.4,100.22210608831983,100.22210608831983,100.22210608831983
small_cycle,35,LRU,5,1000.0,1000.0,1000.0,765.4,765.4,765.4,130.65064018813692,130.65064018813692,130.65064018813692
small_cycle,36,2Q,5,1000.0,1000.0,1000.0,758.5,758.5,758.5,131.83915622940015,131.83915622940015,131.83915622940015
small_cycle,36,ARC,5,1000.0,1000.0,1000.0,758.5,758.5,758.5,131.83915622940015,131.83915622940015,131.83915622940015
small_cycle,36,LFU,5,1000.0,1000.0,1000.0,758.5,758.5,758.5,131.83915622940015,131.83915622940015,131.83915622940015
small_cycle,36,LIRS,5,760.25,760.25,760.25,758.5,758.5,758.5,100.23071852340145,100.23071852340145,100.23071852340145
small_cycle,36,LRU,5,1000.0,1000.0,1000.0,758.5,758.5,758.5,131.83915622940015,131.83915622940015,131.83915622940015
small_cycle,37,2Q,5,1000.0,1000.0,1000.0,751.6,751.6,751.6,133.04949441192124,133.04949441192124,133.04949441192124
small_cycle,37,ARC,5,1000.0,1000.0,1000.0,751.6,751.6,751.6,133.04949441192124,133.04949441192124,133.04949441192124
small_cycle,37,LFU,5,1000.0,1000.0,1000.0,751.6,751.6,751.6,133.04949441192124,133.04949441192124,133.04949441192124
small_cycle,37,LIRS,5,753.4,753.4,753.4,751.6,751.6,751.6,100.23948908994146,100.23948908994146,100.23948908994146
small_cycle,37,LRU,5,1000.0,1000.0,1000.0,751.6,751.6,751.6,133.04949441192124,133.04949441192124,133.04949441192124
small_cycle,384,2Q,5,9.7,9.7,9.7,7.25,7.25,7.25,133.79310344827587,133.79310344827587,133.79310344827587
small_cycle,384,ARC,5,7.25,7.25,7.25,7.25,7.25,7.25,100.0,100.0,100.0
small_cycle,384,LFU,5,7.25,7.25,7.25,7.25,7.25,7.25,100.0,100.0,100.0
small_cycle,384,LIRS,5,7.25,7.25,7.25,7.25,7.25,7.25,100.0,100.0,100.0
small_cycle,384,LRU,5,7.25,7.25,7.25,7.25,7.25,7.25,100.0,100.0,100.0
small_cycle,4,2Q,5,1000.0,1000.0,1000.0,979.3,979.3,979.3,102.11375472276116,102.11375472276116,102.11375472276116
small_cycle,4,ARC,5,1000.0,1000.0,1000.0,979.3,979.3,979.3,102.11375472276116,102.11375472276116,102.11375472276116
small_cycle,4,LFU,5,1000.0,1000.0,1000.0,979.3,979.3,979.3,102.11375472276116,102.11375472276116,102.11375472276116
small_cycle,4,LIRS,5,979.45,979.45,979.45,979.3,979.3,979.3,100.01531706320841,100.01531706320841,100.01531706320841
small_cycle,4,LRU,5,1000.0,1000.0,1000.0,979.3,979.3,979.3,102.11375472276116,102.11375472276116,102.11375472276116
small_cycle,48,2Q,5,1000.0,1000.0,1000.0,675.7,675.7,675.7,147.9946721918011,147.9946721918011,147.9946721918011
small_cycle,48,ARC,5,1000.0,1000.0,1000.0,675.7,675.7,675.7,147.9946721918011,147.9946721918011,147.9946721918011
small_cycle,48,LFU,5,1000.0,1000.0,1000.0,675.7,675.7,675.7,147.9946721918011,147.9946721918011,147.9946721918011
small_cycle,48,LIRS,5,678.05,678.05,678.05,675.7,675.7,675.7,100.34778747965073,100.34778747965073,100.34778747965073
small_cycle,48,LRU,5,1000.0,1000.0,1000.0,675.7,675.7,675.7,147.9946721918011,147.9946721918011,147.9946721918011
small_cycle,512,2Q,5,8.1,8.1,8.1,7.25,7.25,7.25,111.72413793103448,111.72413793103448,111.72413793103448
small_cycle,512,ARC,5,7.25,7.25,7.25,7.25,7.25,7.25,100.0,100.0,100.0
small_cycle,512,LFU,5,7.25,7.25,7.25,7.25,7.25,7.25,100.0,100.0,100.0
small_cycle,512,LIRS,5,7.25,7.25,7.25,7.25,7.25,7.25,100.0,100.0,100.0
small_cycle,512,LRU,5,7.25,7.25,7.25,7.25,7.25,7.25,100.0,100.0,100.0
small_cycle,64,2Q,5,1000.0,1000.0,1000.0,565.3,565.3,565.3,176.89722271360338,176.89722271360338,176.89722271360338
small_cycle,64,ARC,5,1000.0,1000.0,1000.0,565.3,565.3,565.3,176.89722271360338,176.89722271360338,176.89722271360338
small_cycle,64,LFU,5,1000.0,1000.0,1000.0,565.3,565.3,565.3,176.89722271360338,176.89722271360338,176.89722271360338
small_cycle,64,LIRS,5,568.45,568.45,568.45,565.3,565.3,565.3,100.55722625154785,100.55722625154785,100.55722625154785
small_cycle,64,LRU,5,1000.0,1000.0,1000.0,565.3,565.3,565.3,176.89722271360338,176.89722271360338,176.89722271360338
small_cycle,72,2Q,5,1000.0,1000.0,1000.0,510.1,510.1,510.1,196.0399921584003,196.0399921584003,196.0399921584003
small_cycle,72,ARC,5,1000.0,1000.0,1000.0,510.1,510.1,510.1,196.0399921584003,196.0399921584003,196.0399921584003
small_cycle,72,LFU,5,1000.0,1000.0,1000.0,510.1,510.1,510.1,196.0399921584003,196.0399921584003,196.0399921584003
small_cycle,72,LIRS,5,513.65,513.65,513.65,510.1,510.1,510.1,100.69594197216232,100.69594197216232,100.69594197216232
small_cycle,72,LRU,5,1000.0,1000.0,1000.0,510.1,510.1,510.1,196.0399921584003,196.0399921584003,196.0399921584003
small_cycle,768,2Q,5,7.25,7.25,7.25,7.25,7.25,7.25,100.0,100.0,100.0
small_cycle,768,ARC,5,7.25,7.25,7.25,7.25,7.25,7.25,100.0,100.0,100.0
small_cycle,768,LFU,5,7.25,7.25,7.25,7.25,7.25,7.25,100.0,100.0,100.0
small_cycle,768,LIRS,5,7.25,7.25,7.25,7.25,7.25,7.25,100.0,100.0,100.0
small_cycle,768,LRU,5,7.25,7.25,7.25,7.25,7.25,7.25,100.0,100.0,100.0
small_cycle,8,2Q,5,1000.0,1000.0,1000.0,951.7,951.7,951.7,105.07512871703268,105.07512871703268,105.07512871703268
small_cycle,8,ARC,5,1000.0,1000.0,1000.0,951.7,951.7,951.7,105.07512871703268,105.07512871703268,105.07512871703268
small_cycle,8,LFU,5,1000.0,1000.0,1000.0,951.7,951.7,951.7,105.07512871703268,105.07512871703268,105.07512871703268
small_cycle,8,LIRS,5,952.05,952.05,952.05,951.7,951.7,951.7,100.03677629505096,100.03677629505096,100.03677629505096
small_cycle,8,LRU,5,1000.0,1000.0,1000.0,951.7,951.7,951.7,105.07512871703268,105.07512871703268,105.07512871703268
small_cycle,96,2Q,5,1000.0,1000.0,1000.0,344.5,344.5,344.5,290.2757619738752,290.2757619738752,290.2757619738752
small_cycle,96,ARC,5,1000.0,1000.0,1000.0,344.5,344.5,344.5,290.2757619738752,290.2757619738752,290.2757619738752
small_cycle,96,LFU,5,1000.0,1000.0,1000.0,344.5,344.5,344.5,290.2757619738752,290.2757619738752,290.2757619738752
small_cycle,96,LIRS,5,349.25,349.25,349.25,344.5,344.5,344.5,101.37880986937591,101.37880986937591,101.37880986937591
small_cycle,96,LRU,5,1000.0,1000.0,1000.0,344.5,344.5,344.5,290.2757619738752,290.2757619738752,290.2757619738752
uniform,1,ARC,5,999.21,999.0,999.45,999.21,999.0,999.45,100.0,100.0,100.0
uniform,1,LFU,5,999.21,999.0,999.45,999.21,999.0,999.45,100.0,100.0,100.0
uniform,1,LRU,5,999.21,999.0,999.45,999.21,999.0,999.45,100.0,100.0,100.0
uniform,1024,2Q,5,187.06,184.7,189.2,76.79,76.5,77.0,243.597403659548,241.12271540469973,246.0338101430429
uniform,1024,ARC,5,154.91,150.7,157.25,76.79,76.5,77.0,201.72951972320868,196.99346405228758,205.28720626631855
uniform,1024,LFU,5,152.99,151.95,153.6,76.79,76.5,77.0,199.2345999564387,197.33766233766235,200.7843137254902
uniform,1024,LIRS,5,154.69,153.2,155.85,76.79,76.5,77.0,201.4449724309383,200.06497725795973,202.66579973992197
uniform,1024,LRU,5,154.85,151.15,156.9,76.79,76.5,77.0,201.65188692099306,197.58169934640523,204.83028720626632
uniform,1159,2Q,5,101.85,101.75,102.0,58.04,58.0,58.05,175.48241706020374,175.36606373815675,175.7105943152455
uniform,1159,ARC,5,58.480000000000004,58.2,59.1,58.04,58.0,58.05,100.75802667141882,100.34482758620689,101.80878552971576
uniform,1159,LFU,5,58.5,58.35,58.8,58.04,58.0,58.05,100.79256883186314,100.51679586563307,101.29198966408269
uniform,1159,LIRS,5,58.449999999999996,58.25,58.8,58.04,58.0,58.05,100.70637678576732,100.34453057708872,101.29198966408269
uniform,1159,LRU,5,58.48,58.2,58.95,58.04,58.0,58.05,100.75802667141882,100.34482758620689,101.55038759689923
uniform,1160,2Q,5,101.5,101.5,101.5,58.0,58.0,58.0,175.0,175.0,175.0
uniform,1160,ARC,5,58.0,58.0,58.0,58.0,58.0,58.0,100.0,100.0,100.0
uniform,1160,LFU,5,58.0,58.0,58.0,58.0,58.0,58.0,100.0,100.0,100.0
uniform,1160,LIRS,5,58.0,58.0,58.0,58.0,58.0,58.0,100.0,100.0,100.0
uniform,1160,LRU,5,58.0,58.0,58.0,58.0,58.0,58.0,100.0,100.0,100.0
uniform,1161,2Q,5,101.5,101.5,101.5,58.0,58.0,58.0,175.0,175.0,175.0
uniform,1161,ARC,5,58.0,58.0,58.0,58.0,58.0,58.0,100.0,100.0,100.0
uniform,1161,LFU,5,58.0,58.0,58.0,58.0,58.0,58.0,100.0,100.0,100.0
uniform,1161,LIRS,5,58.0,58.0,58.0,58.0,58.0,58.0,100.0,100.0,100.0
uniform,1161,LRU,5,58.0,58.0,58.0,58.0,58.0,58.0,100.0,100.0,100.0
uniform,144,2Q,5,881.18,879.05,886.5,564.98,563.75,566.5,155.96704690331987,155.23389232127096,156.97211155378486
uniform,144,ARC,5,877.07,875.35,879.15,564.98,563.75,566.5,155.2392958003375,154.89207360226467,155.60867640548915
uniform,144,LFU,5,878.8,876.95,881.4,564.98,563.75,566.5,155.5457143599389,155.01323918799648,156.08287586329024
uniform,144,LIRS,5,877.5,874.2,881.7,564.98,563.75,566.5,155.31557478630958,154.68667255075022,156.12217795484727
uniform,144,LRU,5,876.23,874.65,877.65,564.98,563.75,566.5,155.09078953457706,154.72197705207415,155.50332594235033
uniform,145,2Q,5,880.47,878.1,885.8,563.5699999999999,562.35,565.15,156.23139582829754,155.37467928868443,157.265867731913
uniform,145,ARC,5,876.35,874.4,878.55,563.5699999999999,562.35,565.15,155.4999847988715,155.0993260021284,155.8721704394141
uniform,145,LFU,5,878.06,876.3,880.6,563.5699999999999,562.35,565.15,155.80364802117973,155.18004069716005,156.32877685070122
uniform,145,LIRS,5,876.58,873.0,880.9,563.5699999999999,562.35,565.15,155.54093877133707,154.9057772272848,156.3959165557035
uniform,145,LRU,5,875.39,874.0,876.8,563.5699999999999,562.35,565.15,155.32975170039256,154.96770768822435,155.7215257401974
uniform,146,2Q,5,879.49,877.3,884.75,562.17,560.95,563.8,156.44616328993132,155.60482440581765,157.48487006051977
uniform,146,ARC,5,875.65,873.8,877.3,562.17,560.95,563.8,155.7627931651095,155.44985775248932,156.13691059809253
uniform,146,LFU,5,877.38,875.6,880.1,562.17,560.95,563.8,156.07072695949037,155.42745654487408,156.6292934685887
uniform,146,LIRS,5,875.69,872.4,880.05,562.17,560.95,563.8,155.770045782039,155.0993260021284,156.64827340690638
uniform,146,LRU,5,874.59,873.25,876.05,562.17,560.95,563.8,155.5742850519167,155.1880099326002,155.9497281397629
uniform,16,2Q,5,986.82,986.3,987.6,860.64,859.45,861.85,114.66122965449966,114.590706039334,114.76525685031125
uniform,16,ARC,5,985.63,983.45,986.35,860.64,859.45,861.85,114.52299377093262,114.2882045322487,114.72453313165397
uniform,16,LFU,5,985.91,985.2,986.4,860.64,859.45,861.85,114.55555911538242,114.37025004351105,114.77107452440514
uniform,16,LIRS,5,986.4,984.95,987.95,860.64,859.45,861.85,114.61251181777857,114.37025004351105,114.81782788076006
uniform,16,LRU,5,985.5600000000001,983.6,986.45,860.64,859.45,861.85,114.5148943206735,114.30563625798955,114.75943917621734
uniform,192,2Q,5,840.44,839.2,841.9,503.05,501.9,504.65,167.06923602308615,166.82849499653224,167.3770165305716
uniform,192,ARC,5,836.15,834.6,838.05,503.05,501.9,504.65,166.21629327503703,166.06559001288022,166.44094801832304
uniform,192,LFU,5,837.84,834.65,840.85,503.05,501.9,504.65,166.552261453345,165.8674328742693,167.15705765407554
uniform,192,LIRS,5,836.3,831.75,840.15,503.05,501.9,504.65,166.24597033579215,165.65425214100776,166.82883240667195
uniform,192,LRU,5,835.91,833.35,838.3,503.05,501.9,504.65,166.16902422556504,165.67594433399603,167.02530384538753
uniform,2,2Q,5,998.2,997.95,998.65,975.33,974.8,975.85,102.34487419609262,102.26469231951631,102.43614729715868
uniform,2,ARC,5,998.27,997.85,998.65,975.33,974.8,975.85,102.35204800671211,102.28064780647806,102.43614729715868
uniform,2,LFU,5,998.28,998.0,998.45,975.33,974.8,975.85,102.35306586780013,102.295434749193,102.41563237255103
uniform,2,LIRS,5,998.36,998.25,998.6,975.33,974.8,975.85,102.36126857849632,102.295434749193,102.4107509232663
uniform,2,LRU,5,998.24,997.8,998.6,975.33,974.8,975.85,102.34896204057802,102.28518727263412,102.4053749102472
uniform,217,2Q,5,820.29,818.6,822.85,475.25,474.2,477.0,172.60201864646334,172.2280664843257,172.85955293125264
uniform,217,ARC,5,815.4,812.9,816.8,475.25,474.2,477.0,171.57330540416277,171.23689727463312,172.2163644032054
uniform,217,LFU,5,816.27,813.8,819.95,475.25,474.2,477.0,171.7566816765435,171.0272536687631,172.78474344115477
uniform,217,LIRS,5,814.4399999999999,808.8,817.4,475.25,474.2,477.0,171.37152595331236,170.2020202020202,171.97559436145593
uniform,217,LRU,5,815.44,812.8,818.2,475.25,474.2,477.0,171.58186177331447,171.22641509433961,172.54323070434415
uniform,24,2Q,5,980.22,979.65,980.5,824.42,823.05,825.45,118.89822656726207,118.7776364407293,119.07539031650568
uniform,24,ARC,5,978.76,976.05,980.0,824.42,823.05,825.45,118.72117770907374,118.38801625325975,119.03286556102303
uniform,24,LFU,5,979.2,978.7,979.6,824.42,823.05,825.45,118.77453838441723,118.60197468047731,119.02071563088512
uniform,24,LIRS,5,979.62,978.25,981.2,824.42,823.05,825.45,118.82551794185684,118.53534435762312,119.08146528157464
uniform,24,LRU,5,978.85,977.3,979.4,824.42,823.05,825.45,118.73206220660605,118.5396324822609,118.96604094526457
uniform,256,2Q,5,788.73,786.65,791.35,436.39,435.45,438.45,180.74054292224542,180.22579541566884,181.73154208290273
uniform,256,ARC,5,782.49,780.3,783.75,436.39,435.45,438.45,179.31076828798126,178.67487740905463,179.7591743119266
uniform,256,LFU,5,783.23,780.95,788.05,436.39,435.45,438.45,179.4801931396664,178.57224312920516,180.55905602016267
uniform,256,LIRS,5,781.43,777.3,784.05,436.39,435.45,438.45,179.06774395632644,178.28714790740108,179.9931129476584
uniform,256,LRU,5,782.45,780.6,784.5,436.39,435.45,438.45,179.3013581407207,178.78891549777626,179.93119266055047
uniform,289,2Q,5,761.41,758.05,766.3,406.14,405.4,408.0,187.4743698760608,186.82686383240912,187.8186274509804
uniform,289,ARC,5,754.94,751.3,756.7,406.14,405.4,408.0,185.8822570556647,185.16327788046826,186.38381845091268
uniform,289,LFU,5,755.53,752.5,760.2,406.14,405.4,408.0,186.02812935662132,184.98774509803923,187.35674676524954
uniform,289,LIRS,5,752.89,748.8,755.95,406.14,405.4,408.0,185.37810454854855,184.42401960784315,186.30930375847197
uniform,289,LRU,5,755.5,752.95,758.15,406.14,405.4,408.0,186.02043747581905,185.41666666666666,187.01282683769116
uniform,290,2Q,5,760.62,757.6,765.2,405.28,404.5,407.15,187.67735973205237,187.107927883428,188.08494875910606
uniform,290,ARC,5,754.1,750.95,755.45,405.28,404.5,407.15,186.06957020962068,185.465547048654,186.5883807169345
uniform,290,LFU,5,754.6,751.55,759.3,405.28,404.5,407.15,186.1934448902885,185.12833108191086,187.52778463818225
uniform,290,LIRS,5,752.16,747.9,755.2,405.28,404.5,407.15,185.5914029136237,184.612550657006,186.51518893553964
uniform,290,LRU,5,754.71,752.45,757.0,405.28,404.5,407.15,186.2202784762209,185.59498956158663,187.14462299134735
uniform,291,2Q,5,759.74,756.85,764.7,404.42,403.6,406.3,187.85877858095054,187.31592624675164,188.21068176224463
uniform,291,ARC,5,753.36,750.3,754.45,404.42,403.6,406.3,186.28237119180105,185.68791533349741,186.85579781962338
uniform,291,LFU,5,753.63,751.0,758.4,404.42,403.6,406.3,186.34952597562642,185.2695052916564,187.69954213587428
uniform,291,LIRS,5,751.4300000000001,746.95,754.7,404.42,403.6,406.3,185.80564496091904,184.76495200590696,186.78381388442025
uniform,291,LRU,5,753.9,751.35,755.9,404.42,403.6,406.3,186.41596475547277,185.8232832882107,187.28939544103073
uniform,32,2Q,5,973.52,971.6,974.2,794.8100000000001,792.75,796.35,122.48488720679487,122.2292112215373,122.85083569851781
uniform,32,ARC,5,971.68,969.0,972.8,794.8100000000001,792.75,796.35,122.25336820149684,121.90212605359164,122.5922421948912
uniform,32,LFU,5,972.6700000000001,971.45,973.7,794.8100000000001,792.75,796.35,122.37802095687229,122.06316318201796,122.79407127089246
uniform,32,LIRS,5,972.81,971.7,974.55,794.8100000000001,792.75,796.35,122.3955455908825,122.01921265775098,122.61747082939137
uniform,32,LRU,5,972.0600000000001,970.45,973.5,794.8100000000001,792.75,796.35,122.30109646491995,122.08453893571519,122.57962787764112
uniform,35,2Q,5,971.15,968.65,972.15,784.74,782.65,786.2,123.75461533521404,123.43421471806307,124.10400562192551
uniform,35,ARC,5,969.3,966.0,971.0,784.74,782.65,786.2,123.51882560430256,123.09652755654668,123.82290934645115
uniform,35,LFU,5,970.0600000000001,968.7,971.1,784.74,782.65,786.2,123.61587739374947,123.2129229203765,124.07845141506421
uniform,35,LIRS,5,970.32,968.85,972.35,784.74,782.65,786.2,123.64886189594013,123.27016026456373,123.90570245301052
uniform,35,LRU,5,969.23,967.65,970.95,784.74,782.65,786.2,123.50981788827244,123.30678560050971,123.72069251900594
uniform,36,2Q,5,970.65,968.6,971.75,781.5,779.4,782.9,124.20368725152127,123.93320964749536,124.55093661791122
uniform,36,ARC,5,968.48,965.65,970.15,781.5,779.4,782.9,123.92597595058105,123.55575459023734,124.18527072106748
uniform,36,LFU,5,969.27,967.55,970.75,781.5,779.4,782.9,124.02733220295063,123.58538766125942,124.55093661791122
uniform,36,LIRS,5,969.4,967.95,971.55,781.5,779.4,782.9,124.04377861881743,123.64925277813258,124.31861804222649
uniform,36,LRU,5,968.45,967.0,970.1,781.5,779.4,782.9,123.92207892586048,123.72848826050796,124.153194765204
uniform,37,2Q,5,969.7,967.8,970.4,778.32,776.25,779.7,124.58911521089946,124.33994989400655,124.95330112721417
uniform,37,ARC,5,967.79,964.95,969.55,778.32,776.25,779.7,124.34365347482381,123.97379071111968,124.60547504025764
uniform,37,LFU,5,968.36,966.8,969.65,778.32,776.25,779.7,124.4171248221364,123.99640887520842,124.914653784219
uniform,37,LIRS,5,968.69,967.15,970.7,778.32,776.25,779.7,124.45939534335291,124.04129793510324,124.76006441223832
uniform,37,LRU,5,967.64,966.3,969.25,778.32,776.25,779.7,124.32434402235585,124.14723453459241,124.5925925925926
uniform,384,2Q,5,684.28,682.75,685.8,332.29,331.25,334.95,205.9316486907204,204.41856993581132,206.85283018867923
uniform,384,ARC,5,674.59,672.45,677.2,332.29,331.25,334.95,203.01421599263705,202.17942976563666,203.66350067842606
uniform,384,LFU,5,676.29,673.15,679.15,332.29,331.25,334.95,203.52756412948295,201.8808777429467,205.02641509433963
uniform,384,LIRS,5,672.46,667.6,677.1,332.29,331.25,334.95,202.37597889695164,200.14927601134497,204.33207547169812
uniform,384,LRU,5,674.49,672.6,676.15,332.29,331.25,334.95,202.98562179783514,201.50768771458428,204.12075471698114
uniform,4,2Q,5,996.54,996.2,996.8,946.6700000000001,945.95,947.4,105.267979661201,105.16677221870383,105.3544056239759
uniform,4,ARC,5,996.3299999999999,996.15,996.65,946.6700000000001,945.95,947.4,105.245800123418,105.15621701498839,105.33185373071233
uniform,4,LFU,5,996.5600000000001,996.25,996.8,946.6700000000001,945.95,947.4,105.27008261334129,105.20926795798808,105.32656943563728
uniform,4,LIRS,5,996.61,996.3,996.8,946.6700000000001,945.95,947.4,105.27538241675286,105.1614946168461,105.37026269887414
uniform,4,LRU,5,996.39,995.9,996.7,946.6700000000001,945.95,947.4,105.25211857345464,105.20371543170783,105.3001479602621
uniform,48,2Q,5,959.7,956.65,961.9,746.35,744.2,747.55,128.58604199903795,128.14279016810661,128.9572695511959
uniform,48,ARC,5,958.28,955.05,959.35,746.35,744.2,747.55,128.3957961203143,127.92847096644564,128.80274119860252
uniform,48,LFU,5,959.34,957.3,961.45,746.35,744.2,747.55,128.53809860679087,128.05832385793593,129.1924213920989
uniform,48,LIRS,5,959.88,957.8,962.55,746.35,744.2,747.55,128.61024548116336,128.12520901611933,128.96398817522171
uniform,48,LRU,5,958.08,956.25,959.5,746.35,744.2,747.55,128.36882042834893,128.2298573437814,128.49368449341574
uniform,512,2Q,5,580.5,578.85,582.55,255.24,254.35,257.2,227.43788772677956,225.4665629860031,229.03479457440534
uniform,512,ARC,5,566.8000000000001,564.7,570.95,255.24,254.35,257.2,222.06631232811654,221.19075597336467,223.0587772754079
uniform,512,LFU,5,567.86,563.85,571.85,255.24,254.35,257.2,222.48453721282212,220.70373250388803,224.8279929231374
uniform,512,LIRS,5,566.14,564.05,567.9,255.24,254.35,257.2,221.81039625414508,220.3538102643857,222.84253980735207
uniform,512,LRU,5,566.34,563.15,569.5,255.24,254.35,257.2,221.8873673486847,220.58362710536625,223.62885787300962
uniform,64,2Q,5,946.08,943.35,947.75,706.03,704.05,706.95,134.00016504929857,133.4866279892458,134.20921809530574
uniform,64,ARC,5,944.5,942.65,945.3,706.03,704.05,706.95,133.7764757235061,133.38757605773313,134.1168951068816
uniform,64,LFU,5,945.73,943.2,948.2,706.03,704.05,706.95,133.95099145103444,133.41820496499045,134.67793480576663
uniform,64,LIRS,5,946.66,944.8,948.9,706.03,704.05,706.95,134.08247775098013,133.6445293160761,134.41516937717492
uniform,64,LRU,5,944.54,943.15,946.45,706.03,704.05,706.95,133.78197264893507,133.63552659536793,133.96319886765747
uniform,72,2Q,5,940.18,937.5,941.4,688.1899999999999,686.7,688.9,136.61650695859143,136.08651473363332,136.79190330566476
uniform,72,ARC,5,938.4399999999999,936.15,940.0,688.1899999999999,686.7,688.9,136.36378038076745,135.8905501524169,136.7409349060725
uniform,72,LFU,5,939.16,937.1,942.0,688.1899999999999,686.7,688.9,136.46853748296988,136.07783344224208,137.17780690257754
uniform,72,LIRS,5,939.24,937.85,940.85,688.1899999999999,686.7,688.9,136.48000922331966,136.14457831325302,136.82830930537352
uniform,72,LRU,5,937.58,936.0,939.45,688.1899999999999,686.7,688.9,136.23857848588068,136.08651473363332,136.4388933265558
uniform,768,2Q,5,377.48,373.75,380.35,144.6,142.35,145.65,261.057552080104,259.44080082844323,262.5570776255708
uniform,768,ARC,5,356.82,352.85,360.2,144.6,142.35,145.65,246.76665358407024,245.39178460476356,247.87495609413418
uniform,768,LFU,5,355.78000000000003,354.55,357.15,144.6,142.35,145.65,246.0618563962004,243.8036388602815,250.298559887601
uniform,768,LIRS,5,357.03999999999996,350.2,360.75,144.6,142.35,145.65,246.91286293014178,246.0133473832104,248.87892376681614
uniform,768,LRU,5,356.76,353.1,360.5,144.6,142.35,145.65,246.72539873260516,244.90852606144287,248.05057955742888
uniform,8,2Q,5,993.37,992.1,994.05,909.83,908.95,911.05,109.18197691772875,109.06097360188794,109.28543924308268
uniform,8,ARC,5,993.22,992.65,993.95,909.83,908.95,911.05,109.16548489547019,109.09939081279842,109.24143242202541
uniform,8,LFU,5,992.98,992.65,993.25,909.83,908.95,911.05,109.13913123836834,109.02255639097744,109.25793497992188
uniform,8,LIRS,5,993.2,992.35,994.35,909.83,908.95,911.05,109.16332218273574,108.92376927720761,109.26322729520356
uniform,8,LRU,5,992.72,991.7,993.3,909.83,908.95,911.05,109.11053956799556,109.02804456396466,109.25793497992188
uniform,96,2Q,5,920.9399999999999,916.9,924.15,641.08,639.7,642.2,143.654866060897,142.77483649953285,144.08325537885875
uniform,96,ARC,5,916.98,915.55,918.65,641.08,639.7,642.2,143.03695725119232,142.56462161320462,143.2280701754386
uniform,96,LFU,5,918.91,916.85,921.45,641.08,639.7,642.2,143.33820400393637,143.02398006851448,144.04408316398312
uniform,96,LIRS,5,918.71,916.45,921.05,641.08,639.7,642.2,143.30692452490405,142.92276549361569,143.83304674065968
uniform,96,LRU,5,917.7,916.05,919.15,641.08,639.7,642.2,143.14934058602495,142.64247897851138,143.37970923870563
